date,day_no,country,cases,cases_t-89,cases_t-88,cases_t-87,cases_t-86,cases_t-85,cases_t-84,cases_t-83,cases_t-82,cases_t-81,cases_t-80,cases_t-79,cases_t-78,cases_t-77,cases_t-76,cases_t-75,cases_t-74,cases_t-73,cases_t-72,cases_t-71,cases_t-70,cases_t-69,cases_t-68,cases_t-67,cases_t-66,cases_t-65,cases_t-64,cases_t-63,cases_t-62,cases_t-61,cases_t-60,cases_t-59,cases_t-58,cases_t-57,cases_t-56,cases_t-55,cases_t-54,cases_t-53,cases_t-52,cases_t-51,cases_t-50,cases_t-49,cases_t-48,cases_t-47,cases_t-46,cases_t-45,cases_t-44,cases_t-43,cases_t-42,cases_t-41,cases_t-40,target
2020-04-01,90,Israel,443,0.0,0.0,0.0,0.0,0.0,0.0,0.0,0.0,0.0,0.0,0.0,0.0,0.0,0.0,0.0,0.0,0.0,0.0,0.0,0.0,0.0,0.0,0.0,0.0,0.0,0.0,0.0,0.0,0.0,0.0,0.0,0.0,0.0,0.0,0.0,0.0,0.0,0.0,0.0,0.0,0.0,0.0,0.0,0.0,0.0,0.0,0.0,0.0,0.0,0.0,403.3
2020-04-02,91,Israel,675,0.0,0.0,0.0,0.0,0.0,0.0,0.0,0.0,0.0,0.0,0.0,0.0,0.0,0.0,0.0,0.0,0.0,0.0,0.0,0.0,0.0,0.0,0.0,0.0,0.0,0.0,0.0,0.0,0.0,0.0,0.0,0.0,0.0,0.0,0.0,0.0,0.0,0.0,0.0,0.0,0.0,0.0,0.0,0.0,0.0,0.0,0.0,0.0,0.0,0.0,452.0
2020-04-03,92,Israel,661,0.0,0.0,0.0,0.0,0.0,0.0,0.0,0.0,0.0,0.0,0.0,0.0,0.0,0.0,0.0,0.0,0.0,0.0,0.0,0.0,0.0,0.0,0.0,0.0,0.0,0.0,0.0,0.0,0.0,0.0,0.0,0.0,0.0,0.0,0.0,0.0,0.0,0.0,0.0,0.0,0.0,0.0,0.0,0.0,0.0,0.0,0.0,0.0,0.0,0.0,481.0
2020-04-04,93,Israel,1176,0.0,0.0,0.0,0.0,0.0,0.0,0.0,0.0,0.0,0.0,0.0,0.0,0.0,0.0,0.0,0.0,0.0,0.0,0.0,0.0,0.0,0.0,0.0,0.0,0.0,0.0,0.0,0.0,0.0,0.0,0.0,0.0,0.0,0.0,0.0,0.0,0.0,0.0,0.0,0.0,0.0,0.0,0.0,0.0,0.0,0.0,0.0,0.0,0.0,0.0,549.8
2020-04-05,94,Israel,590,0.0,0.0,0.0,0.0,0.0,0.0,0.0,0.0,0.0,0.0,0.0,0.0,0.0,0.0,0.0,0.0,0.0,0.0,0.0,0.0,0.0,0.0,0.0,0.0,0.0,0.0,0.0,0.0,0.0,0.0,0.0,0.0,0.0,0.0,0.0,0.0,0.0,0.0,0.0,0.0,0.0,0.0,0.0,0.0,0.0,0.0,0.0,0.0,0.0,1.0,564.9
2020-04-06,95,Israel,412,0.0,0.0,0.0,0.0,0.0,0.0,0.0,0.0,0.0,0.0,0.0,0.0,0.0,0.0,0.0,0.0,0.0,0.0,0.0,0.0,0.0,0.0,0.0,0.0,0.0,0.0,0.0,0.0,0.0,0.0,0.0,0.0,0.0,0.0,0.0,0.0,0.0,0.0,0.0,0.0,0.0,0.0,0.0,0.0,0.0,0.0,0.0,0.0,1.0,0.0,576.4
2020-04-07,96,Israel,474,0.0,0.0,0.0,0.0,0.0,0.0,0.0,0.0,0.0,0.0,0.0,0.0,0.0,0.0,0.0,0.0,0.0,0.0,0.0,0.0,0.0,0.0,0.0,0.0,0.0,0.0,0.0,0.0,0.0,0.0,0.0,0.0,0.0,0.0,0.0,0.0,0.0,0.0,0.0,0.0,0.0,0.0,0.0,0.0,0.0,0.0,0.0,1.0,0.0,1.0,586.9
2020-04-08,97,Israel,344,0.0,0.0,0.0,0.0,0.0,0.0,0.0,0.0,0.0,0.0,0.0,0.0,0.0,0.0,0.0,0.0,0.0,0.0,0.0,0.0,0.0,0.0,0.0,0.0,0.0,0.0,0.0,0.0,0.0,0.0,0.0,0.0,0.0,0.0,0.0,0.0,0.0,0.0,0.0,0.0,0.0,0.0,0.0,0.0,0.0,0.0,1.0,0.0,1.0,0.0,562.9
2020-04-09,98,Israel,156,0.0,0.0,0.0,0.0,0.0,0.0,0.0,0.0,0.0,0.0,0.0,0.0,0.0,0.0,0.0,0.0,0.0,0.0,0.0,0.0,0.0,0.0,0.0,0.0,0.0,0.0,0.0,0.0,0.0,0.0,0.0,0.0,0.0,0.0,0.0,0.0,0.0,0.0,0.0,0.0,0.0,0.0,0.0,0.0,0.0,1.0,0.0,1.0,0.0,0.0,515.7
2020-04-10,99,Israel,564,0.0,0.0,0.0,0.0,0.0,0.0,0.0,0.0,0.0,0.0,0.0,0.0,0.0,0.0,0.0,0.0,0.0,0.0,0.0,0.0,0.0,0.0,0.0,0.0,0.0,0.0,0.0,0.0,0.0,0.0,0.0,0.0,0.0,0.0,0.0,0.0,0.0,0.0,0.0,0.0,0.0,0.0,0.0,0.0,1.0,0.0,1.0,0.0,0.0,0.0,549.5
2020-04-11,100,Israel,440,0.0,0.0,0.0,0.0,0.0,0.0,0.0,0.0,0.0,0.0,0.0,0.0,0.0,0.0,0.0,0.0,0.0,0.0,0.0,0.0,0.0,0.0,0.0,0.0,0.0,0.0,0.0,0.0,0.0,0.0,0.0,0.0,0.0,0.0,0.0,0.0,0.0,0.0,0.0,0.0,0.0,0.0,0.0,1.0,0.0,1.0,0.0,0.0,0.0,1.0,549.2
2020-04-12,101,Israel,335,0.0,0.0,0.0,0.0,0.0,0.0,0.0,0.0,0.0,0.0,0.0,0.0,0.0,0.0,0.0,0.0,0.0,0.0,0.0,0.0,0.0,0.0,0.0,0.0,0.0,0.0,0.0,0.0,0.0,0.0,0.0,0.0,0.0,0.0,0.0,0.0,0.0,0.0,0.0,0.0,0.0,0.0,1.0,0.0,1.0,0.0,0.0,0.0,1.0,4.0,515.2
2020-04-13,102,Israel,402,0.0,0.0,0.0,0.0,0.0,0.0,0.0,0.0,0.0,0.0,0.0,0.0,0.0,0.0,0.0,0.0,0.0,0.0,0.0,0.0,0.0,0.0,0.0,0.0,0.0,0.0,0.0,0.0,0.0,0.0,0.0,0.0,0.0,0.0,0.0,0.0,0.0,0.0,0.0,0.0,0.0,1.0,0.0,1.0,0.0,0.0,0.0,1.0,4.0,0.0,489.3
2020-04-14,103,Israel,441,0.0,0.0,0.0,0.0,0.0,0.0,0.0,0.0,0.0,0.0,0.0,0.0,0.0,0.0,0.0,0.0,0.0,0.0,0.0,0.0,0.0,0.0,0.0,0.0,0.0,0.0,0.0,0.0,0.0,0.0,0.0,0.0,0.0,0.0,0.0,0.0,0.0,0.0,0.0,0.0,1.0,0.0,1.0,0.0,0.0,0.0,1.0,4.0,0.0,3.0,415.8
2020-04-15,104,Israel,460,0.0,0.0,0.0,0.0,0.0,0.0,0.0,0.0,0.0,0.0,0.0,0.0,0.0,0.0,0.0,0.0,0.0,0.0,0.0,0.0,0.0,0.0,0.0,0.0,0.0,0.0,0.0,0.0,0.0,0.0,0.0,0.0,0.0,0.0,0.0,0.0,0.0,0.0,0.0,1.0,0.0,1.0,0.0,0.0,0.0,1.0,4.0,0.0,3.0,5.0,402.8
2020-04-16,105,Israel,455,0.0,0.0,0.0,0.0,0.0,0.0,0.0,0.0,0.0,0.0,0.0,0.0,0.0,0.0,0.0,0.0,0.0,0.0,0.0,0.0,0.0,0.0,0.0,0.0,0.0,0.0,0.0,0.0,0.0,0.0,0.0,0.0,0.0,0.0,0.0,0.0,0.0,0.0,1.0,0.0,1.0,0.0,0.0,0.0,1.0,4.0,0.0,3.0,5.0,2.0,407.1
2020-04-17,106,Israel,257,0.0,0.0,0.0,0.0,0.0,0.0,0.0,0.0,0.0,0.0,0.0,0.0,0.0,0.0,0.0,0.0,0.0,0.0,0.0,0.0,0.0,0.0,0.0,0.0,0.0,0.0,0.0,0.0,0.0,0.0,0.0,0.0,0.0,0.0,0.0,0.0,0.0,1.0,0.0,1.0,0.0,0.0,0.0,1.0,4.0,0.0,3.0,5.0,2.0,2.0,385.4
2020-04-18,107,Israel,224,0.0,0.0,0.0,0.0,0.0,0.0,0.0,0.0,0.0,0.0,0.0,0.0,0.0,0.0,0.0,0.0,0.0,0.0,0.0,0.0,0.0,0.0,0.0,0.0,0.0,0.0,0.0,0.0,0.0,0.0,0.0,0.0,0.0,0.0,0.0,0.0,1.0,0.0,1.0,0.0,0.0,0.0,1.0,4.0,0.0,3.0,5.0,2.0,2.0,6.0,373.4
2020-04-19,108,Israel,283,0.0,0.0,0.0,0.0,0.0,0.0,0.0,0.0,0.0,0.0,0.0,0.0,0.0,0.0,0.0,0.0,0.0,0.0,0.0,0.0,0.0,0.0,0.0,0.0,0.0,0.0,0.0,0.0,0.0,0.0,0.0,0.0,0.0,0.0,0.0,1.0,0.0,1.0,0.0,0.0,0.0,1.0,4.0,0.0,3.0,5.0,2.0,2.0,6.0,14.0,386.1
2020-04-20,109,Israel,226,0.0,0.0,0.0,0.0,0.0,0.0,0.0,0.0,0.0,0.0,0.0,0.0,0.0,0.0,0.0,0.0,0.0,0.0,0.0,0.0,0.0,0.0,0.0,0.0,0.0,0.0,0.0,0.0,0.0,0.0,0.0,0.0,0.0,0.0,1.0,0.0,1.0,0.0,0.0,0.0,1.0,4.0,0.0,3.0,5.0,2.0,2.0,6.0,14.0,31.0,352.3
2020-04-21,110,Israel,222,0.0,0.0,0.0,0.0,0.0,0.0,0.0,0.0,0.0,0.0,0.0,0.0,0.0,0.0,0.0,0.0,0.0,0.0,0.0,0.0,0.0,0.0,0.0,0.0,0.0,0.0,0.0,0.0,0.0,0.0,0.0,0.0,0.0,1.0,0.0,1.0,0.0,0.0,0.0,1.0,4.0,0.0,3.0,5.0,2.0,2.0,6.0,14.0,31.0,12.0,330.5
2020-04-22,111,Israel,229,0.0,0.0,0.0,0.0,0.0,0.0,0.0,0.0,0.0,0.0,0.0,0.0,0.0,0.0,0.0,0.0,0.0,0.0,0.0,0.0,0.0,0.0,0.0,0.0,0.0,0.0,0.0,0.0,0.0,0.0,0.0,0.0,1.0,0.0,1.0,0.0,0.0,0.0,1.0,4.0,0.0,3.0,5.0,2.0,2.0,6.0,14.0,31.0,12.0,14.0,319.9
2020-04-23,112,Israel,650,0.0,0.0,0.0,0.0,0.0,0.0,0.0,0.0,0.0,0.0,0.0,0.0,0.0,0.0,0.0,0.0,0.0,0.0,0.0,0.0,0.0,0.0,0.0,0.0,0.0,0.0,0.0,0.0,0.0,0.0,0.0,1.0,0.0,1.0,0.0,0.0,0.0,1.0,4.0,0.0,3.0,5.0,2.0,2.0,6.0,14.0,31.0,12.0,14.0,20.0,344.7
2020-04-24,113,Israel,290,0.0,0.0,0.0,0.0,0.0,0.0,0.0,0.0,0.0,0.0,0.0,0.0,0.0,0.0,0.0,0.0,0.0,0.0,0.0,0.0,0.0,0.0,0.0,0.0,0.0,0.0,0.0,0.0,0.0,0.0,1.0,0.0,1.0,0.0,0.0,0.0,1.0,4.0,0.0,3.0,5.0,2.0,2.0,6.0,14.0,31.0,12.0,14.0,20.0,62.0,329.6
2020-04-25,114,Israel,176,0.0,0.0,0.0,0.0,0.0,0.0,0.0,0.0,0.0,0.0,0.0,0.0,0.0,0.0,0.0,0.0,0.0,0.0,0.0,0.0,0.0,0.0,0.0,0.0,0.0,0.0,0.0,0.0,0.0,1.0,0.0,1.0,0.0,0.0,0.0,1.0,4.0,0.0,3.0,5.0,2.0,2.0,6.0,14.0,31.0,12.0,14.0,20.0,62.0,72.0,301.2
2020-04-26,115,Israel,240,0.0,0.0,0.0,0.0,0.0,0.0,0.0,0.0,0.0,0.0,0.0,0.0,0.0,0.0,0.0,0.0,0.0,0.0,0.0,0.0,0.0,0.0,0.0,0.0,0.0,0.0,0.0,0.0,1.0,0.0,1.0,0.0,0.0,0.0,1.0,4.0,0.0,3.0,5.0,2.0,2.0,6.0,14.0,31.0,12.0,14.0,20.0,62.0,72.0,10.0,279.7
2020-04-27,116,Israel,100,0.0,0.0,0.0,0.0,0.0,0.0,0.0,0.0,0.0,0.0,0.0,0.0,0.0,0.0,0.0,0.0,0.0,0.0,0.0,0.0,0.0,0.0,0.0,0.0,0.0,0.0,0.0,1.0,0.0,1.0,0.0,0.0,0.0,1.0,4.0,0.0,3.0,5.0,2.0,2.0,6.0,14.0,31.0,12.0,14.0,20.0,62.0,72.0,10.0,167.0,264.0
2020-04-28,117,Israel,68,0.0,0.0,0.0,0.0,0.0,0.0,0.0,0.0,0.0,0.0,0.0,0.0,0.0,0.0,0.0,0.0,0.0,0.0,0.0,0.0,0.0,0.0,0.0,0.0,0.0,0.0,1.0,0.0,1.0,0.0,0.0,0.0,1.0,4.0,0.0,3.0,5.0,2.0,2.0,6.0,14.0,31.0,12.0,14.0,20.0,62.0,72.0,10.0,167.0,6.0,248.4
2020-04-29,118,Israel,123,0.0,0.0,0.0,0.0,0.0,0.0,0.0,0.0,0.0,0.0,0.0,0.0,0.0,0.0,0.0,0.0,0.0,0.0,0.0,0.0,0.0,0.0,0.0,0.0,0.0,1.0,0.0,1.0,0.0,0.0,0.0,1.0,4.0,0.0,3.0,5.0,2.0,2.0,6.0,14.0,31.0,12.0,14.0,20.0,62.0,72.0,10.0,167.0,6.0,244.0,232.4
2020-04-30,119,Israel,245,0.0,0.0,0.0,0.0,0.0,0.0,0.0,0.0,0.0,0.0,0.0,0.0,0.0,0.0,0.0,0.0,0.0,0.0,0.0,0.0,0.0,0.0,0.0,0.0,1.0,0.0,1.0,0.0,0.0,0.0,1.0,4.0,0.0,3.0,5.0,2.0,2.0,6.0,14.0,31.0,12.0,14.0,20.0,62.0,72.0,10.0,167.0,6.0,244.0,35.0,234.3
2020-05-01,120,Israel,112,0.0,0.0,0.0,0.0,0.0,0.0,0.0,0.0,0.0,0.0,0.0,0.0,0.0,0.0,0.0,0.0,0.0,0.0,0.0,0.0,0.0,0.0,0.0,1.0,0.0,1.0,0.0,0.0,0.0,1.0,4.0,0.0,3.0,5.0,2.0,2.0,6.0,14.0,31.0,12.0,14.0,20.0,62.0,72.0,10.0,167.0,6.0,244.0,35.0,171.0,223.3
2020-05-02,121,Israel,155,0.0,0.0,0.0,0.0,0.0,0.0,0.0,0.0,0.0,0.0,0.0,0.0,0.0,0.0,0.0,0.0,0.0,0.0,0.0,0.0,0.0,0.0,1.0,0.0,1.0,0.0,0.0,0.0,1.0,4.0,0.0,3.0,5.0,2.0,2.0,6.0,14.0,31.0,12.0,14.0,20.0,62.0,72.0,10.0,167.0,6.0,244.0,35.0,171.0,188.0,215.9
2020-05-03,122,Israel,84,0.0,0.0,0.0,0.0,0.0,0.0,0.0,0.0,0.0,0.0,0.0,0.0,0.0,0.0,0.0,0.0,0.0,0.0,0.0,0.0,0.0,1.0,0.0,1.0,0.0,0.0,0.0,1.0,4.0,0.0,3.0,5.0,2.0,2.0,6.0,14.0,31.0,12.0,14.0,20.0,62.0,72.0,10.0,167.0,6.0,244.0,35.0,171.0,188.0,371.0,159.3
2020-05-04,123,Israel,23,0.0,0.0,0.0,0.0,0.0,0.0,0.0,0.0,0.0,0.0,0.0,0.0,0.0,0.0,0.0,0.0,0.0,0.0,0.0,0.0,1.0,0.0,1.0,0.0,0.0,0.0,1.0,4.0,0.0,3.0,5.0,2.0,2.0,6.0,14.0,31.0,12.0,14.0,20.0,62.0,72.0,10.0,167.0,6.0,244.0,35.0,171.0,188.0,371.0,488.0,132.6
2020-05-05,124,Israel,38,0.0,0.0,0.0,0.0,0.0,0.0,0.0,0.0,0.0,0.0,0.0,0.0,0.0,0.0,0.0,0.0,0.0,0.0,0.0,1.0,0.0,1.0,0.0,0.0,0.0,1.0,4.0,0.0,3.0,5.0,2.0,2.0,6.0,14.0,31.0,12.0,14.0,20.0,62.0,72.0,10.0,167.0,6.0,244.0,35.0,171.0,188.0,371.0,488.0,439.0,118.8
2020-05-06,125,Israel,43,0.0,0.0,0.0,0.0,0.0,0.0,0.0,0.0,0.0,0.0,0.0,0.0,0.0,0.0,0.0,0.0,0.0,0.0,1.0,0.0,1.0,0.0,0.0,0.0,1.0,4.0,0.0,3.0,5.0,2.0,2.0,6.0,14.0,31.0,12.0,14.0,20.0,62.0,72.0,10.0,167.0,6.0,244.0,35.0,171.0,188.0,371.0,488.0,439.0,297.0,99.1
2020-05-07,126,Israel,21,0.0,0.0,0.0,0.0,0.0,0.0,0.0,0.0,0.0,0.0,0.0,0.0,0.0,0.0,0.0,0.0,0.0,1.0,0.0,1.0,0.0,0.0,0.0,1.0,4.0,0.0,3.0,5.0,2.0,2.0,6.0,14.0,31.0,12.0,14.0,20.0,62.0,72.0,10.0,167.0,6.0,244.0,35.0,171.0,188.0,371.0,488.0,439.0,297.0,369.0,91.2
2020-05-08,127,Israel,71,0.0,0.0,0.0,0.0,0.0,0.0,0.0,0.0,0.0,0.0,0.0,0.0,0.0,0.0,0.0,0.0,1.0,0.0,1.0,0.0,0.0,0.0,1.0,4.0,0.0,3.0,5.0,2.0,2.0,6.0,14.0,31.0,12.0,14.0,20.0,62.0,72.0,10.0,167.0,6.0,244.0,35.0,171.0,188.0,371.0,488.0,439.0,297.0,369.0,584.0,91.5
2020-05-09,128,Israel,55,0.0,0.0,0.0,0.0,0.0,0.0,0.0,0.0,0.0,0.0,0.0,0.0,0.0,0.0,0.0,1.0,0.0,1.0,0.0,0.0,0.0,1.0,4.0,0.0,3.0,5.0,2.0,2.0,6.0,14.0,31.0,12.0,14.0,20.0,62.0,72.0,10.0,167.0,6.0,244.0,35.0,171.0,188.0,371.0,488.0,439.0,297.0,369.0,584.0,628.0,84.7
2020-05-10,129,Israel,18,0.0,0.0,0.0,0.0,0.0,0.0,0.0,0.0,0.0,0.0,0.0,0.0,0.0,0.0,1.0,0.0,1.0,0.0,0.0,0.0,1.0,4.0,0.0,3.0,5.0,2.0,2.0,6.0,14.0,31.0,12.0,14.0,20.0,62.0,72.0,10.0,167.0,6.0,244.0,35.0,171.0,188.0,371.0,488.0,439.0,297.0,369.0,584.0,628.0,226.0,62.0
2020-05-11,130,Israel,23,0.0,0.0,0.0,0.0,0.0,0.0,0.0,0.0,0.0,0.0,0.0,0.0,0.0,1.0,0.0,1.0,0.0,0.0,0.0,1.0,4.0,0.0,3.0,5.0,2.0,2.0,6.0,14.0,31.0,12.0,14.0,20.0,62.0,72.0,10.0,167.0,6.0,244.0,35.0,171.0,188.0,371.0,488.0,439.0,297.0,369.0,584.0,628.0,226.0,443.0,53.1
2020-05-12,131,Israel,29,0.0,0.0,0.0,0.0,0.0,0.0,0.0,0.0,0.0,0.0,0.0,0.0,1.0,0.0,1.0,0.0,0.0,0.0,1.0,4.0,0.0,3.0,5.0,2.0,2.0,6.0,14.0,31.0,12.0,14.0,20.0,62.0,72.0,10.0,167.0,6.0,244.0,35.0,171.0,188.0,371.0,488.0,439.0,297.0,369.0,584.0,628.0,226.0,443.0,675.0,40.5
2020-05-13,132,Israel,23,0.0,0.0,0.0,0.0,0.0,0.0,0.0,0.0,0.0,0.0,0.0,1.0,0.0,1.0,0.0,0.0,0.0,1.0,4.0,0.0,3.0,5.0,2.0,2.0,6.0,14.0,31.0,12.0,14.0,20.0,62.0,72.0,10.0,167.0,6.0,244.0,35.0,171.0,188.0,371.0,488.0,439.0,297.0,369.0,584.0,628.0,226.0,443.0,675.0,661.0,34.4
2020-05-14,133,Israel,19,0.0,0.0,0.0,0.0,0.0,0.0,0.0,0.0,0.0,0.0,1.0,0.0,1.0,0.0,0.0,0.0,1.0,4.0,0.0,3.0,5.0,2.0,2.0,6.0,14.0,31.0,12.0,14.0,20.0,62.0,72.0,10.0,167.0,6.0,244.0,35.0,171.0,188.0,371.0,488.0,439.0,297.0,369.0,584.0,628.0,226.0,443.0,675.0,661.0,1176.0,34.0
2020-05-15,134,Israel,31,0.0,0.0,0.0,0.0,0.0,0.0,0.0,0.0,0.0,1.0,0.0,1.0,0.0,0.0,0.0,1.0,4.0,0.0,3.0,5.0,2.0,2.0,6.0,14.0,31.0,12.0,14.0,20.0,62.0,72.0,10.0,167.0,6.0,244.0,35.0,171.0,188.0,371.0,488.0,439.0,297.0,369.0,584.0,628.0,226.0,443.0,675.0,661.0,1176.0,590.0,33.3
2020-05-16,135,Israel,10,0.0,0.0,0.0,0.0,0.0,0.0,0.0,0.0,1.0,0.0,1.0,0.0,0.0,0.0,1.0,4.0,0.0,3.0,5.0,2.0,2.0,6.0,14.0,31.0,12.0,14.0,20.0,62.0,72.0,10.0,167.0,6.0,244.0,35.0,171.0,188.0,371.0,488.0,439.0,297.0,369.0,584.0,628.0,226.0,443.0,675.0,661.0,1176.0,590.0,412.0,30.0
2020-05-17,136,Israel,19,0.0,0.0,0.0,0.0,0.0,0.0,0.0,1.0,0.0,1.0,0.0,0.0,0.0,1.0,4.0,0.0,3.0,5.0,2.0,2.0,6.0,14.0,31.0,12.0,14.0,20.0,62.0,72.0,10.0,167.0,6.0,244.0,35.0,171.0,188.0,371.0,488.0,439.0,297.0,369.0,584.0,628.0,226.0,443.0,675.0,661.0,1176.0,590.0,412.0,474.0,29.8
2020-05-18,137,Israel,9,0.0,0.0,0.0,0.0,0.0,0.0,1.0,0.0,1.0,0.0,0.0,0.0,1.0,4.0,0.0,3.0,5.0,2.0,2.0,6.0,14.0,31.0,12.0,14.0,20.0,62.0,72.0,10.0,167.0,6.0,244.0,35.0,171.0,188.0,371.0,488.0,439.0,297.0,369.0,584.0,628.0,226.0,443.0,675.0,661.0,1176.0,590.0,412.0,474.0,344.0,23.6
2020-05-19,138,Israel,4,0.0,0.0,0.0,0.0,0.0,1.0,0.0,1.0,0.0,0.0,0.0,1.0,4.0,0.0,3.0,5.0,2.0,2.0,6.0,14.0,31.0,12.0,14.0,20.0,62.0,72.0,10.0,167.0,6.0,244.0,35.0,171.0,188.0,371.0,488.0,439.0,297.0,369.0,584.0,628.0,226.0,443.0,675.0,661.0,1176.0,590.0,412.0,474.0,344.0,156.0,18.5
2020-05-20,139,Israel,29,0.0,0.0,0.0,0.0,1.0,0.0,1.0,0.0,0.0,0.0,1.0,4.0,0.0,3.0,5.0,2.0,2.0,6.0,14.0,31.0,12.0,14.0,20.0,62.0,72.0,10.0,167.0,6.0,244.0,35.0,171.0,188.0,371.0,488.0,439.0,297.0,369.0,584.0,628.0,226.0,443.0,675.0,661.0,1176.0,590.0,412.0,474.0,344.0,156.0,564.0,19.6
2020-05-21,140,Israel,20,0.0,0.0,0.0,1.0,0.0,1.0,0.0,0.0,0.0,1.0,4.0,0.0,3.0,5.0,2.0,2.0,6.0,14.0,31.0,12.0,14.0,20.0,62.0,72.0,10.0,167.0,6.0,244.0,35.0,171.0,188.0,371.0,488.0,439.0,297.0,369.0,584.0,628.0,226.0,443.0,675.0,661.0,1176.0,590.0,412.0,474.0,344.0,156.0,564.0,440.0,19.3
2020-05-22,141,Israel,20,0.0,0.0,1.0,0.0,1.0,0.0,0.0,0.0,1.0,4.0,0.0,3.0,5.0,2.0,2.0,6.0,14.0,31.0,12.0,14.0,20.0,62.0,72.0,10.0,167.0,6.0,244.0,35.0,171.0,188.0,371.0,488.0,439.0,297.0,369.0,584.0,628.0,226.0,443.0,675.0,661.0,1176.0,590.0,412.0,474.0,344.0,156.0,564.0,440.0,335.0,18.4
2020-05-23,142,Israel,0,0.0,1.0,0.0,1.0,0.0,0.0,0.0,1.0,4.0,0.0,3.0,5.0,2.0,2.0,6.0,14.0,31.0,12.0,14.0,20.0,62.0,72.0,10.0,167.0,6.0,244.0,35.0,171.0,188.0,371.0,488.0,439.0,297.0,369.0,584.0,628.0,226.0,443.0,675.0,661.0,1176.0,590.0,412.0,474.0,344.0,156.0,564.0,440.0,335.0,402.0,16.1
2020-05-24,143,Israel,0,1.0,0.0,1.0,0.0,0.0,0.0,1.0,4.0,0.0,3.0,5.0,2.0,2.0,6.0,14.0,31.0,12.0,14.0,20.0,62.0,72.0,10.0,167.0,6.0,244.0,35.0,171.0,188.0,371.0,488.0,439.0,297.0,369.0,584.0,628.0,226.0,443.0,675.0,661.0,1176.0,590.0,412.0,474.0,344.0,156.0,564.0,440.0,335.0,402.0,441.0,14.2
2020-05-25,144,Israel,30,0.0,1.0,0.0,0.0,0.0,1.0,4.0,0.0,3.0,5.0,2.0,2.0,6.0,14.0,31.0,12.0,14.0,20.0,62.0,72.0,10.0,167.0,6.0,244.0,35.0,171.0,188.0,371.0,488.0,439.0,297.0,369.0,584.0,628.0,226.0,443.0,675.0,661.0,1176.0,590.0,412.0,474.0,344.0,156.0,564.0,440.0,335.0,402.0,441.0,460.0,14.1
2020-05-26,145,Israel,14,1.0,0.0,0.0,0.0,1.0,4.0,0.0,3.0,5.0,2.0,2.0,6.0,14.0,31.0,12.0,14.0,20.0,62.0,72.0,10.0,167.0,6.0,244.0,35.0,171.0,188.0,371.0,488.0,439.0,297.0,369.0,584.0,628.0,226.0,443.0,675.0,661.0,1176.0,590.0,412.0,474.0,344.0,156.0,564.0,440.0,335.0,402.0,441.0,460.0,455.0,14.5
2020-05-27,146,Israel,23,0.0,0.0,0.0,1.0,4.0,0.0,3.0,5.0,2.0,2.0,6.0,14.0,31.0,12.0,14.0,20.0,62.0,72.0,10.0,167.0,6.0,244.0,35.0,171.0,188.0,371.0,488.0,439.0,297.0,369.0,584.0,628.0,226.0,443.0,675.0,661.0,1176.0,590.0,412.0,474.0,344.0,156.0,564.0,440.0,335.0,402.0,441.0,460.0,455.0,257.0,14.9
2020-05-28,147,Israel,36,0.0,0.0,1.0,4.0,0.0,3.0,5.0,2.0,2.0,6.0,14.0,31.0,12.0,14.0,20.0,62.0,72.0,10.0,167.0,6.0,244.0,35.0,171.0,188.0,371.0,488.0,439.0,297.0,369.0,584.0,628.0,226.0,443.0,675.0,661.0,1176.0,590.0,412.0,474.0,344.0,156.0,564.0,440.0,335.0,402.0,441.0,460.0,455.0,257.0,224.0,17.6
2020-05-29,148,Israel,79,0.0,1.0,4.0,0.0,3.0,5.0,2.0,2.0,6.0,14.0,31.0,12.0,14.0,20.0,62.0,72.0,10.0,167.0,6.0,244.0,35.0,171.0,188.0,371.0,488.0,439.0,297.0,369.0,584.0,628.0,226.0,443.0,675.0,661.0,1176.0,590.0,412.0,474.0,344.0,156.0,564.0,440.0,335.0,402.0,441.0,460.0,455.0,257.0,224.0,283.0,25.1
2020-05-30,149,Israel,115,1.0,4.0,0.0,3.0,5.0,2.0,2.0,6.0,14.0,31.0,12.0,14.0,20.0,62.0,72.0,10.0,167.0,6.0,244.0,35.0,171.0,188.0,371.0,488.0,439.0,297.0,369.0,584.0,628.0,226.0,443.0,675.0,661.0,1176.0,590.0,412.0,474.0,344.0,156.0,564.0,440.0,335.0,402.0,441.0,460.0,455.0,257.0,224.0,283.0,226.0,33.7
2020-05-31,150,Israel,25,4.0,0.0,3.0,5.0,2.0,2.0,6.0,14.0,31.0,12.0,14.0,20.0,62.0,72.0,10.0,167.0,6.0,244.0,35.0,171.0,188.0,371.0,488.0,439.0,297.0,369.0,584.0,628.0,226.0,443.0,675.0,661.0,1176.0,590.0,412.0,474.0,344.0,156.0,564.0,440.0,335.0,402.0,441.0,460.0,455.0,257.0,224.0,283.0,226.0,222.0,34.2
2020-06-01,151,Israel,59,0.0,3.0,5.0,2.0,2.0,6.0,14.0,31.0,12.0,14.0,20.0,62.0,72.0,10.0,167.0,6.0,244.0,35.0,171.0,188.0,371.0,488.0,439.0,297.0,369.0,584.0,628.0,226.0,443.0,675.0,661.0,1176.0,590.0,412.0,474.0,344.0,156.0,564.0,440.0,335.0,402.0,441.0,460.0,455.0,257.0,224.0,283.0,226.0,222.0,229.0,38.1
2020-06-02,152,Israel,148,3.0,5.0,2.0,2.0,6.0,14.0,31.0,12.0,14.0,20.0,62.0,72.0,10.0,167.0,6.0,244.0,35.0,171.0,188.0,371.0,488.0,439.0,297.0,369.0,584.0,628.0,226.0,443.0,675.0,661.0,1176.0,590.0,412.0,474.0,344.0,156.0,564.0,440.0,335.0,402.0,441.0,460.0,455.0,257.0,224.0,283.0,226.0,222.0,229.0,650.0,52.9
2020-06-03,153,Israel,123,5.0,2.0,2.0,6.0,14.0,31.0,12.0,14.0,20.0,62.0,72.0,10.0,167.0,6.0,244.0,35.0,171.0,188.0,371.0,488.0,439.0,297.0,369.0,584.0,628.0,226.0,443.0,675.0,661.0,1176.0,590.0,412.0,474.0,344.0,156.0,564.0,440.0,335.0,402.0,441.0,460.0,455.0,257.0,224.0,283.0,226.0,222.0,229.0,650.0,290.0,65.2
2020-06-04,154,Israel,87,2.0,2.0,6.0,14.0,31.0,12.0,14.0,20.0,62.0,72.0,10.0,167.0,6.0,244.0,35.0,171.0,188.0,371.0,488.0,439.0,297.0,369.0,584.0,628.0,226.0,443.0,675.0,661.0,1176.0,590.0,412.0,474.0,344.0,156.0,564.0,440.0,335.0,402.0,441.0,460.0,455.0,257.0,224.0,283.0,226.0,222.0,229.0,650.0,290.0,176.0,70.9
2020-06-05,155,Israel,133,2.0,6.0,14.0,31.0,12.0,14.0,20.0,62.0,72.0,10.0,167.0,6.0,244.0,35.0,171.0,188.0,371.0,488.0,439.0,297.0,369.0,584.0,628.0,226.0,443.0,675.0,661.0,1176.0,590.0,412.0,474.0,344.0,156.0,564.0,440.0,335.0,402.0,441.0,460.0,455.0,257.0,224.0,283.0,226.0,222.0,229.0,650.0,290.0,176.0,240.0,82.8
2020-06-06,156,Israel,144,6.0,14.0,31.0,12.0,14.0,20.0,62.0,72.0,10.0,167.0,6.0,244.0,35.0,171.0,188.0,371.0,488.0,439.0,297.0,369.0,584.0,628.0,226.0,443.0,675.0,661.0,1176.0,590.0,412.0,474.0,344.0,156.0,564.0,440.0,335.0,402.0,441.0,460.0,455.0,257.0,224.0,283.0,226.0,222.0,229.0,650.0,290.0,176.0,240.0,100.0,94.9
2020-06-07,157,Israel,77,14.0,31.0,12.0,14.0,20.0,62.0,72.0,10.0,167.0,6.0,244.0,35.0,171.0,188.0,371.0,488.0,439.0,297.0,369.0,584.0,628.0,226.0,443.0,675.0,661.0,1176.0,590.0,412.0,474.0,344.0,156.0,564.0,440.0,335.0,402.0,441.0,460.0,455.0,257.0,224.0,283.0,226.0,222.0,229.0,650.0,290.0,176.0,240.0,100.0,68.0,99.0
2020-06-08,158,Israel,132,31.0,12.0,14.0,20.0,62.0,72.0,10.0,167.0,6.0,244.0,35.0,171.0,188.0,371.0,488.0,439.0,297.0,369.0,584.0,628.0,226.0,443.0,675.0,661.0,1176.0,590.0,412.0,474.0,344.0,156.0,564.0,440.0,335.0,402.0,441.0,460.0,455.0,257.0,224.0,283.0,226.0,222.0,229.0,650.0,290.0,176.0,240.0,100.0,68.0,123.0,104.3
2020-06-09,159,Israel,174,12.0,14.0,20.0,62.0,72.0,10.0,167.0,6.0,244.0,35.0,171.0,188.0,371.0,488.0,439.0,297.0,369.0,584.0,628.0,226.0,443.0,675.0,661.0,1176.0,590.0,412.0,474.0,344.0,156.0,564.0,440.0,335.0,402.0,441.0,460.0,455.0,257.0,224.0,283.0,226.0,222.0,229.0,650.0,290.0,176.0,240.0,100.0,68.0,123.0,245.0,110.2
2020-06-10,160,Israel,179,14.0,20.0,62.0,72.0,10.0,167.0,6.0,244.0,35.0,171.0,188.0,371.0,488.0,439.0,297.0,369.0,584.0,628.0,226.0,443.0,675.0,661.0,1176.0,590.0,412.0,474.0,344.0,156.0,564.0,440.0,335.0,402.0,441.0,460.0,455.0,257.0,224.0,283.0,226.0,222.0,229.0,650.0,290.0,176.0,240.0,100.0,68.0,123.0,245.0,112.0,125.6
2020-06-11,161,Israel,87,20.0,62.0,72.0,10.0,167.0,6.0,244.0,35.0,171.0,188.0,371.0,488.0,439.0,297.0,369.0,584.0,628.0,226.0,443.0,675.0,661.0,1176.0,590.0,412.0,474.0,344.0,156.0,564.0,440.0,335.0,402.0,441.0,460.0,455.0,257.0,224.0,283.0,226.0,222.0,229.0,650.0,290.0,176.0,240.0,100.0,68.0,123.0,245.0,112.0,155.0,128.4
2020-06-12,162,Israel,346,62.0,72.0,10.0,167.0,6.0,244.0,35.0,171.0,188.0,371.0,488.0,439.0,297.0,369.0,584.0,628.0,226.0,443.0,675.0,661.0,1176.0,590.0,412.0,474.0,344.0,156.0,564.0,440.0,335.0,402.0,441.0,460.0,455.0,257.0,224.0,283.0,226.0,222.0,229.0,650.0,290.0,176.0,240.0,100.0,68.0,123.0,245.0,112.0,155.0,84.0,148.2
2020-06-13,163,Israel,175,72.0,10.0,167.0,6.0,244.0,35.0,171.0,188.0,371.0,488.0,439.0,297.0,369.0,584.0,628.0,226.0,443.0,675.0,661.0,1176.0,590.0,412.0,474.0,344.0,156.0,564.0,440.0,335.0,402.0,441.0,460.0,455.0,257.0,224.0,283.0,226.0,222.0,229.0,650.0,290.0,176.0,240.0,100.0,68.0,123.0,245.0,112.0,155.0,84.0,23.0,153.4
2020-06-14,164,Israel,132,10.0,167.0,6.0,244.0,35.0,171.0,188.0,371.0,488.0,439.0,297.0,369.0,584.0,628.0,226.0,443.0,675.0,661.0,1176.0,590.0,412.0,474.0,344.0,156.0,564.0,440.0,335.0,402.0,441.0,460.0,455.0,257.0,224.0,283.0,226.0,222.0,229.0,650.0,290.0,176.0,240.0,100.0,68.0,123.0,245.0,112.0,155.0,84.0,23.0,38.0,157.9
2020-06-15,165,Israel,113,167.0,6.0,244.0,35.0,171.0,188.0,371.0,488.0,439.0,297.0,369.0,584.0,628.0,226.0,443.0,675.0,661.0,1176.0,590.0,412.0,474.0,344.0,156.0,564.0,440.0,335.0,402.0,441.0,460.0,455.0,257.0,224.0,283.0,226.0,222.0,229.0,650.0,290.0,176.0,240.0,100.0,68.0,123.0,245.0,112.0,155.0,84.0,23.0,38.0,43.0,155.9
2020-06-16,166,Israel,217,6.0,244.0,35.0,171.0,188.0,371.0,488.0,439.0,297.0,369.0,584.0,628.0,226.0,443.0,675.0,661.0,1176.0,590.0,412.0,474.0,344.0,156.0,564.0,440.0,335.0,402.0,441.0,460.0,455.0,257.0,224.0,283.0,226.0,222.0,229.0,650.0,290.0,176.0,240.0,100.0,68.0,123.0,245.0,112.0,155.0,84.0,23.0,38.0,43.0,21.0,163.2
2020-06-17,167,Israel,299,244.0,35.0,171.0,188.0,371.0,488.0,439.0,297.0,369.0,584.0,628.0,226.0,443.0,675.0,661.0,1176.0,590.0,412.0,474.0,344.0,156.0,564.0,440.0,335.0,402.0,441.0,460.0,455.0,257.0,224.0,283.0,226.0,222.0,229.0,650.0,290.0,176.0,240.0,100.0,68.0,123.0,245.0,112.0,155.0,84.0,23.0,38.0,43.0,21.0,71.0,185.4
2020-06-18,168,Israel,257,35.0,171.0,188.0,371.0,488.0,439.0,297.0,369.0,584.0,628.0,226.0,443.0,675.0,661.0,1176.0,590.0,412.0,474.0,344.0,156.0,564.0,440.0,335.0,402.0,441.0,460.0,455.0,257.0,224.0,283.0,226.0,222.0,229.0,650.0,290.0,176.0,240.0,100.0,68.0,123.0,245.0,112.0,155.0,84.0,23.0,38.0,43.0,21.0,71.0,55.0,197.9
2020-06-19,169,Israel,142,171.0,188.0,371.0,488.0,439.0,297.0,369.0,584.0,628.0,226.0,443.0,675.0,661.0,1176.0,590.0,412.0,474.0,344.0,156.0,564.0,440.0,335.0,402.0,441.0,460.0,455.0,257.0,224.0,283.0,226.0,222.0,229.0,650.0,290.0,176.0,240.0,100.0,68.0,123.0,245.0,112.0,155.0,84.0,23.0,38.0,43.0,21.0,71.0,55.0,18.0,194.7
2020-06-20,170,Israel,303,188.0,371.0,488.0,439.0,297.0,369.0,584.0,628.0,226.0,443.0,675.0,661.0,1176.0,590.0,412.0,474.0,344.0,156.0,564.0,440.0,335.0,402.0,441.0,460.0,455.0,257.0,224.0,283.0,226.0,222.0,229.0,650.0,290.0,176.0,240.0,100.0,68.0,123.0,245.0,112.0,155.0,84.0,23.0,38.0,43.0,21.0,71.0,55.0,18.0,23.0,207.1
2020-06-21,171,Israel,294,371.0,488.0,439.0,297.0,369.0,584.0,628.0,226.0,443.0,675.0,661.0,1176.0,590.0,412.0,474.0,344.0,156.0,564.0,440.0,335.0,402.0,441.0,460.0,455.0,257.0,224.0,283.0,226.0,222.0,229.0,650.0,290.0,176.0,240.0,100.0,68.0,123.0,245.0,112.0,155.0,84.0,23.0,38.0,43.0,21.0,71.0,55.0,18.0,23.0,29.0,227.8
2020-06-22,172,Israel,145,488.0,439.0,297.0,369.0,584.0,628.0,226.0,443.0,675.0,661.0,1176.0,590.0,412.0,474.0,344.0,156.0,564.0,440.0,335.0,402.0,441.0,460.0,455.0,257.0,224.0,283.0,226.0,222.0,229.0,650.0,290.0,176.0,240.0,100.0,68.0,123.0,245.0,112.0,155.0,84.0,23.0,38.0,43.0,21.0,71.0,55.0,18.0,23.0,29.0,23.0,207.7
2020-06-23,173,Israel,304,439.0,297.0,369.0,584.0,628.0,226.0,443.0,675.0,661.0,1176.0,590.0,412.0,474.0,344.0,156.0,564.0,440.0,335.0,402.0,441.0,460.0,455.0,257.0,224.0,283.0,226.0,222.0,229.0,650.0,290.0,176.0,240.0,100.0,68.0,123.0,245.0,112.0,155.0,84.0,23.0,38.0,43.0,21.0,71.0,55.0,18.0,23.0,29.0,23.0,19.0,220.6
2020-06-24,174,Israel,430,297.0,369.0,584.0,628.0,226.0,443.0,675.0,661.0,1176.0,590.0,412.0,474.0,344.0,156.0,564.0,440.0,335.0,402.0,441.0,460.0,455.0,257.0,224.0,283.0,226.0,222.0,229.0,650.0,290.0,176.0,240.0,100.0,68.0,123.0,245.0,112.0,155.0,84.0,23.0,38.0,43.0,21.0,71.0,55.0,18.0,23.0,29.0,23.0,19.0,31.0,250.4
2020-06-25,175,Israel,532,369.0,584.0,628.0,226.0,443.0,675.0,661.0,1176.0,590.0,412.0,474.0,344.0,156.0,564.0,440.0,335.0,402.0,441.0,460.0,455.0,257.0,224.0,283.0,226.0,222.0,229.0,650.0,290.0,176.0,240.0,100.0,68.0,123.0,245.0,112.0,155.0,84.0,23.0,38.0,43.0,21.0,71.0,55.0,18.0,23.0,29.0,23.0,19.0,31.0,10.0,292.3
2020-06-26,176,Israel,356,584.0,628.0,226.0,443.0,675.0,661.0,1176.0,590.0,412.0,474.0,344.0,156.0,564.0,440.0,335.0,402.0,441.0,460.0,455.0,257.0,224.0,283.0,226.0,222.0,229.0,650.0,290.0,176.0,240.0,100.0,68.0,123.0,245.0,112.0,155.0,84.0,23.0,38.0,43.0,21.0,71.0,55.0,18.0,23.0,29.0,23.0,19.0,31.0,10.0,19.0,306.2
2020-06-27,177,Israel,400,628.0,226.0,443.0,675.0,661.0,1176.0,590.0,412.0,474.0,344.0,156.0,564.0,440.0,335.0,402.0,441.0,460.0,455.0,257.0,224.0,283.0,226.0,222.0,229.0,650.0,290.0,176.0,240.0,100.0,68.0,123.0,245.0,112.0,155.0,84.0,23.0,38.0,43.0,21.0,71.0,55.0,18.0,23.0,29.0,23.0,19.0,31.0,10.0,19.0,9.0,316.3
2020-06-28,178,Israel,621,226.0,443.0,675.0,661.0,1176.0,590.0,412.0,474.0,344.0,156.0,564.0,440.0,335.0,402.0,441.0,460.0,455.0,257.0,224.0,283.0,226.0,222.0,229.0,650.0,290.0,176.0,240.0,100.0,68.0,123.0,245.0,112.0,155.0,84.0,23.0,38.0,43.0,21.0,71.0,55.0,18.0,23.0,29.0,23.0,19.0,31.0,10.0,19.0,9.0,4.0,352.7
2020-06-29,179,Israel,334,443.0,675.0,661.0,1176.0,590.0,412.0,474.0,344.0,156.0,564.0,440.0,335.0,402.0,441.0,460.0,455.0,257.0,224.0,283.0,226.0,222.0,229.0,650.0,290.0,176.0,240.0,100.0,68.0,123.0,245.0,112.0,155.0,84.0,23.0,38.0,43.0,21.0,71.0,55.0,18.0,23.0,29.0,23.0,19.0,31.0,10.0,19.0,9.0,4.0,29.0,371.9
2020-06-30,180,Israel,686,675.0,661.0,1176.0,590.0,412.0,474.0,344.0,156.0,564.0,440.0,335.0,402.0,441.0,460.0,455.0,257.0,224.0,283.0,226.0,222.0,229.0,650.0,290.0,176.0,240.0,100.0,68.0,123.0,245.0,112.0,155.0,84.0,23.0,38.0,43.0,21.0,71.0,55.0,18.0,23.0,29.0,23.0,19.0,31.0,10.0,19.0,9.0,4.0,29.0,20.0,410.2
2020-07-01,181,Israel,803,661.0,1176.0,590.0,412.0,474.0,344.0,156.0,564.0,440.0,335.0,402.0,441.0,460.0,455.0,257.0,224.0,283.0,226.0,222.0,229.0,650.0,290.0,176.0,240.0,100.0,68.0,123.0,245.0,112.0,155.0,84.0,23.0,38.0,43.0,21.0,71.0,55.0,18.0,23.0,29.0,23.0,19.0,31.0,10.0,19.0,9.0,4.0,29.0,20.0,20.0,461.1
2020-07-02,182,Israel,1013,1176.0,590.0,412.0,474.0,344.0,156.0,564.0,440.0,335.0,402.0,441.0,460.0,455.0,257.0,224.0,283.0,226.0,222.0,229.0,650.0,290.0,176.0,240.0,100.0,68.0,123.0,245.0,112.0,155.0,84.0,23.0,38.0,43.0,21.0,71.0,55.0,18.0,23.0,29.0,23.0,19.0,31.0,10.0,19.0,9.0,4.0,29.0,20.0,20.0,0.0,547.9
2020-07-03,183,Israel,1285,590.0,412.0,474.0,344.0,156.0,564.0,440.0,335.0,402.0,441.0,460.0,455.0,257.0,224.0,283.0,226.0,222.0,229.0,650.0,290.0,176.0,240.0,100.0,68.0,123.0,245.0,112.0,155.0,84.0,23.0,38.0,43.0,21.0,71.0,55.0,18.0,23.0,29.0,23.0,19.0,31.0,10.0,19.0,9.0,4.0,29.0,20.0,20.0,0.0,0.0,646.0
2020-07-04,184,Israel,513,412.0,474.0,344.0,156.0,564.0,440.0,335.0,402.0,441.0,460.0,455.0,257.0,224.0,283.0,226.0,222.0,229.0,650.0,290.0,176.0,240.0,100.0,68.0,123.0,245.0,112.0,155.0,84.0,23.0,38.0,43.0,21.0,71.0,55.0,18.0,23.0,29.0,23.0,19.0,31.0,10.0,19.0,9.0,4.0,29.0,20.0,20.0,0.0,0.0,30.0,654.3
2020-07-05,185,Israel,1115,474.0,344.0,156.0,564.0,440.0,335.0,402.0,441.0,460.0,455.0,257.0,224.0,283.0,226.0,222.0,229.0,650.0,290.0,176.0,240.0,100.0,68.0,123.0,245.0,112.0,155.0,84.0,23.0,38.0,43.0,21.0,71.0,55.0,18.0,23.0,29.0,23.0,19.0,31.0,10.0,19.0,9.0,4.0,29.0,20.0,20.0,0.0,0.0,30.0,14.0,712.6
2020-07-06,186,Israel,788,344.0,156.0,564.0,440.0,335.0,402.0,441.0,460.0,455.0,257.0,224.0,283.0,226.0,222.0,229.0,650.0,290.0,176.0,240.0,100.0,68.0,123.0,245.0,112.0,155.0,84.0,23.0,38.0,43.0,21.0,71.0,55.0,18.0,23.0,29.0,23.0,19.0,31.0,10.0,19.0,9.0,4.0,29.0,20.0,20.0,0.0,0.0,30.0,14.0,23.0,755.8
2020-07-07,187,Israel,1228,156.0,564.0,440.0,335.0,402.0,441.0,460.0,455.0,257.0,224.0,283.0,226.0,222.0,229.0,650.0,290.0,176.0,240.0,100.0,68.0,123.0,245.0,112.0,155.0,84.0,23.0,38.0,43.0,21.0,71.0,55.0,18.0,23.0,29.0,23.0,19.0,31.0,10.0,19.0,9.0,4.0,29.0,20.0,20.0,0.0,0.0,30.0,14.0,23.0,36.0,838.6
2020-07-08,188,Israel,1036,564.0,440.0,335.0,402.0,441.0,460.0,455.0,257.0,224.0,283.0,226.0,222.0,229.0,650.0,290.0,176.0,240.0,100.0,68.0,123.0,245.0,112.0,155.0,84.0,23.0,38.0,43.0,21.0,71.0,55.0,18.0,23.0,29.0,23.0,19.0,31.0,10.0,19.0,9.0,4.0,29.0,20.0,20.0,0.0,0.0,30.0,14.0,23.0,36.0,79.0,880.1
2020-07-09,189,Israel,1335,440.0,335.0,402.0,441.0,460.0,455.0,257.0,224.0,283.0,226.0,222.0,229.0,650.0,290.0,176.0,240.0,100.0,68.0,123.0,245.0,112.0,155.0,84.0,23.0,38.0,43.0,21.0,71.0,55.0,18.0,23.0,29.0,23.0,19.0,31.0,10.0,19.0,9.0,4.0,29.0,20.0,20.0,0.0,0.0,30.0,14.0,23.0,36.0,79.0,115.0,980.2
2020-07-10,190,Israel,1268,335.0,402.0,441.0,460.0,455.0,257.0,224.0,283.0,226.0,222.0,229.0,650.0,290.0,176.0,240.0,100.0,68.0,123.0,245.0,112.0,155.0,84.0,23.0,38.0,43.0,21.0,71.0,55.0,18.0,23.0,29.0,23.0,19.0,31.0,10.0,19.0,9.0,4.0,29.0,20.0,20.0,0.0,0.0,30.0,14.0,23.0,36.0,79.0,115.0,25.0,1038.4
2020-07-11,191,Israel,1441,402.0,441.0,460.0,455.0,257.0,224.0,283.0,226.0,222.0,229.0,650.0,290.0,176.0,240.0,100.0,68.0,123.0,245.0,112.0,155.0,84.0,23.0,38.0,43.0,21.0,71.0,55.0,18.0,23.0,29.0,23.0,19.0,31.0,10.0,19.0,9.0,4.0,29.0,20.0,20.0,0.0,0.0,30.0,14.0,23.0,36.0,79.0,115.0,25.0,59.0,1102.2
2020-07-12,192,Israel,1197,441.0,460.0,455.0,257.0,224.0,283.0,226.0,222.0,229.0,650.0,290.0,176.0,240.0,100.0,68.0,123.0,245.0,112.0,155.0,84.0,23.0,38.0,43.0,21.0,71.0,55.0,18.0,23.0,29.0,23.0,19.0,31.0,10.0,19.0,9.0,4.0,29.0,20.0,20.0,0.0,0.0,30.0,14.0,23.0,36.0,79.0,115.0,25.0,59.0,148.0,1120.6
2020-07-13,193,Israel,1207,460.0,455.0,257.0,224.0,283.0,226.0,222.0,229.0,650.0,290.0,176.0,240.0,100.0,68.0,123.0,245.0,112.0,155.0,84.0,23.0,38.0,43.0,21.0,71.0,55.0,18.0,23.0,29.0,23.0,19.0,31.0,10.0,19.0,9.0,4.0,29.0,20.0,20.0,0.0,0.0,30.0,14.0,23.0,36.0,79.0,115.0,25.0,59.0,148.0,123.0,1112.8
2020-07-14,194,Israel,1962,455.0,257.0,224.0,283.0,226.0,222.0,229.0,650.0,290.0,176.0,240.0,100.0,68.0,123.0,245.0,112.0,155.0,84.0,23.0,38.0,43.0,21.0,71.0,55.0,18.0,23.0,29.0,23.0,19.0,31.0,10.0,19.0,9.0,4.0,29.0,20.0,20.0,0.0,0.0,30.0,14.0,23.0,36.0,79.0,115.0,25.0,59.0,148.0,123.0,87.0,1257.7
2020-07-15,195,Israel,1728,257.0,224.0,283.0,226.0,222.0,229.0,650.0,290.0,176.0,240.0,100.0,68.0,123.0,245.0,112.0,155.0,84.0,23.0,38.0,43.0,21.0,71.0,55.0,18.0,23.0,29.0,23.0,19.0,31.0,10.0,19.0,9.0,4.0,29.0,20.0,20.0,0.0,0.0,30.0,14.0,23.0,36.0,79.0,115.0,25.0,59.0,148.0,123.0,87.0,133.0,1319.0
2020-07-16,196,Israel,2354,224.0,283.0,226.0,222.0,229.0,650.0,290.0,176.0,240.0,100.0,68.0,123.0,245.0,112.0,155.0,84.0,23.0,38.0,43.0,21.0,71.0,55.0,18.0,23.0,29.0,23.0,19.0,31.0,10.0,19.0,9.0,4.0,29.0,20.0,20.0,0.0,0.0,30.0,14.0,23.0,36.0,79.0,115.0,25.0,59.0,148.0,123.0,87.0,133.0,144.0,1475.6
2020-07-17,197,Israel,1345,283.0,226.0,222.0,229.0,650.0,290.0,176.0,240.0,100.0,68.0,123.0,245.0,112.0,155.0,84.0,23.0,38.0,43.0,21.0,71.0,55.0,18.0,23.0,29.0,23.0,19.0,31.0,10.0,19.0,9.0,4.0,29.0,20.0,20.0,0.0,0.0,30.0,14.0,23.0,36.0,79.0,115.0,25.0,59.0,148.0,123.0,87.0,133.0,144.0,77.0,1487.3
2020-07-18,198,Israel,1400,226.0,222.0,229.0,650.0,290.0,176.0,240.0,100.0,68.0,123.0,245.0,112.0,155.0,84.0,23.0,38.0,43.0,21.0,71.0,55.0,18.0,23.0,29.0,23.0,19.0,31.0,10.0,19.0,9.0,4.0,29.0,20.0,20.0,0.0,0.0,30.0,14.0,23.0,36.0,79.0,115.0,25.0,59.0,148.0,123.0,87.0,133.0,144.0,77.0,132.0,1523.7
2020-07-19,199,Israel,1906,222.0,229.0,650.0,290.0,176.0,240.0,100.0,68.0,123.0,245.0,112.0,155.0,84.0,23.0,38.0,43.0,21.0,71.0,55.0,18.0,23.0,29.0,23.0,19.0,31.0,10.0,19.0,9.0,4.0,29.0,20.0,20.0,0.0,0.0,30.0,14.0,23.0,36.0,79.0,115.0,25.0,59.0,148.0,123.0,87.0,133.0,144.0,77.0,132.0,174.0,1580.8
2020-07-20,200,Israel,924,229.0,650.0,290.0,176.0,240.0,100.0,68.0,123.0,245.0,112.0,155.0,84.0,23.0,38.0,43.0,21.0,71.0,55.0,18.0,23.0,29.0,23.0,19.0,31.0,10.0,19.0,9.0,4.0,29.0,20.0,20.0,0.0,0.0,30.0,14.0,23.0,36.0,79.0,115.0,25.0,59.0,148.0,123.0,87.0,133.0,144.0,77.0,132.0,174.0,179.0,1546.4
2020-07-21,201,Israel,1387,650.0,290.0,176.0,240.0,100.0,68.0,123.0,245.0,112.0,155.0,84.0,23.0,38.0,43.0,21.0,71.0,55.0,18.0,23.0,29.0,23.0,19.0,31.0,10.0,19.0,9.0,4.0,29.0,20.0,20.0,0.0,0.0,30.0,14.0,23.0,36.0,79.0,115.0,25.0,59.0,148.0,123.0,87.0,133.0,144.0,77.0,132.0,174.0,179.0,87.0,1541.0
2020-07-22,202,Israel,2366,290.0,176.0,240.0,100.0,68.0,123.0,245.0,112.0,155.0,84.0,23.0,38.0,43.0,21.0,71.0,55.0,18.0,23.0,29.0,23.0,19.0,31.0,10.0,19.0,9.0,4.0,29.0,20.0,20.0,0.0,0.0,30.0,14.0,23.0,36.0,79.0,115.0,25.0,59.0,148.0,123.0,87.0,133.0,144.0,77.0,132.0,174.0,179.0,87.0,346.0,1657.9
2020-07-23,203,Israel,2043,176.0,240.0,100.0,68.0,123.0,245.0,112.0,155.0,84.0,23.0,38.0,43.0,21.0,71.0,55.0,18.0,23.0,29.0,23.0,19.0,31.0,10.0,19.0,9.0,4.0,29.0,20.0,20.0,0.0,0.0,30.0,14.0,23.0,36.0,79.0,115.0,25.0,59.0,148.0,123.0,87.0,133.0,144.0,77.0,132.0,174.0,179.0,87.0,346.0,175.0,1741.5
2020-07-24,204,Israel,1897,240.0,100.0,68.0,123.0,245.0,112.0,155.0,84.0,23.0,38.0,43.0,21.0,71.0,55.0,18.0,23.0,29.0,23.0,19.0,31.0,10.0,19.0,9.0,4.0,29.0,20.0,20.0,0.0,0.0,30.0,14.0,23.0,36.0,79.0,115.0,25.0,59.0,148.0,123.0,87.0,133.0,144.0,77.0,132.0,174.0,179.0,87.0,346.0,175.0,132.0,1735.0
2020-07-25,205,Israel,1493,100.0,68.0,123.0,245.0,112.0,155.0,84.0,23.0,38.0,43.0,21.0,71.0,55.0,18.0,23.0,29.0,23.0,19.0,31.0,10.0,19.0,9.0,4.0,29.0,20.0,20.0,0.0,0.0,30.0,14.0,23.0,36.0,79.0,115.0,25.0,59.0,148.0,123.0,87.0,133.0,144.0,77.0,132.0,174.0,179.0,87.0,346.0,175.0,132.0,113.0,1711.5
2020-07-26,206,Israel,1203,68.0,123.0,245.0,112.0,155.0,84.0,23.0,38.0,43.0,21.0,71.0,55.0,18.0,23.0,29.0,23.0,19.0,31.0,10.0,19.0,9.0,4.0,29.0,20.0,20.0,0.0,0.0,30.0,14.0,23.0,36.0,79.0,115.0,25.0,59.0,148.0,123.0,87.0,133.0,144.0,77.0,132.0,174.0,179.0,87.0,346.0,175.0,132.0,113.0,217.0,1596.4
2020-07-27,207,Israel,1278,123.0,245.0,112.0,155.0,84.0,23.0,38.0,43.0,21.0,71.0,55.0,18.0,23.0,29.0,23.0,19.0,31.0,10.0,19.0,9.0,4.0,29.0,20.0,20.0,0.0,0.0,30.0,14.0,23.0,36.0,79.0,115.0,25.0,59.0,148.0,123.0,87.0,133.0,144.0,77.0,132.0,174.0,179.0,87.0,346.0,175.0,132.0,113.0,217.0,299.0,1589.7
2020-07-28,208,Israel,2502,245.0,112.0,155.0,84.0,23.0,38.0,43.0,21.0,71.0,55.0,18.0,23.0,29.0,23.0,19.0,31.0,10.0,19.0,9.0,4.0,29.0,20.0,20.0,0.0,0.0,30.0,14.0,23.0,36.0,79.0,115.0,25.0,59.0,148.0,123.0,87.0,133.0,144.0,77.0,132.0,174.0,179.0,87.0,346.0,175.0,132.0,113.0,217.0,299.0,257.0,1699.9
2020-07-29,209,Israel,2097,112.0,155.0,84.0,23.0,38.0,43.0,21.0,71.0,55.0,18.0,23.0,29.0,23.0,19.0,31.0,10.0,19.0,9.0,4.0,29.0,20.0,20.0,0.0,0.0,30.0,14.0,23.0,36.0,79.0,115.0,25.0,59.0,148.0,123.0,87.0,133.0,144.0,77.0,132.0,174.0,179.0,87.0,346.0,175.0,132.0,113.0,217.0,299.0,257.0,142.0,1719.0
2020-07-30,210,Israel,2001,155.0,84.0,23.0,38.0,43.0,21.0,71.0,55.0,18.0,23.0,29.0,23.0,19.0,31.0,10.0,19.0,9.0,4.0,29.0,20.0,20.0,0.0,0.0,30.0,14.0,23.0,36.0,79.0,115.0,25.0,59.0,148.0,123.0,87.0,133.0,144.0,77.0,132.0,174.0,179.0,87.0,346.0,175.0,132.0,113.0,217.0,299.0,257.0,142.0,303.0,1826.7
2020-07-31,211,Israel,1823,84.0,23.0,38.0,43.0,21.0,71.0,55.0,18.0,23.0,29.0,23.0,19.0,31.0,10.0,19.0,9.0,4.0,29.0,20.0,20.0,0.0,0.0,30.0,14.0,23.0,36.0,79.0,115.0,25.0,59.0,148.0,123.0,87.0,133.0,144.0,77.0,132.0,174.0,179.0,87.0,346.0,175.0,132.0,113.0,217.0,299.0,257.0,142.0,303.0,294.0,1870.3
2020-08-01,212,Israel,591,23.0,38.0,43.0,21.0,71.0,55.0,18.0,23.0,29.0,23.0,19.0,31.0,10.0,19.0,9.0,4.0,29.0,20.0,20.0,0.0,0.0,30.0,14.0,23.0,36.0,79.0,115.0,25.0,59.0,148.0,123.0,87.0,133.0,144.0,77.0,132.0,174.0,179.0,87.0,346.0,175.0,132.0,113.0,217.0,299.0,257.0,142.0,303.0,294.0,145.0,1692.8
2020-08-02,213,Israel,1313,38.0,43.0,21.0,71.0,55.0,18.0,23.0,29.0,23.0,19.0,31.0,10.0,19.0,9.0,4.0,29.0,20.0,20.0,0.0,0.0,30.0,14.0,23.0,36.0,79.0,115.0,25.0,59.0,148.0,123.0,87.0,133.0,144.0,77.0,132.0,174.0,179.0,87.0,346.0,175.0,132.0,113.0,217.0,299.0,257.0,142.0,303.0,294.0,145.0,304.0,1619.8
2020-08-03,214,Israel,742,43.0,21.0,71.0,55.0,18.0,23.0,29.0,23.0,19.0,31.0,10.0,19.0,9.0,4.0,29.0,20.0,20.0,0.0,0.0,30.0,14.0,23.0,36.0,79.0,115.0,25.0,59.0,148.0,123.0,87.0,133.0,144.0,77.0,132.0,174.0,179.0,87.0,346.0,175.0,132.0,113.0,217.0,299.0,257.0,142.0,303.0,294.0,145.0,304.0,430.0,1504.3
2020-08-04,215,Israel,1878,21.0,71.0,55.0,18.0,23.0,29.0,23.0,19.0,31.0,10.0,19.0,9.0,4.0,29.0,20.0,20.0,0.0,0.0,30.0,14.0,23.0,36.0,79.0,115.0,25.0,59.0,148.0,123.0,87.0,133.0,144.0,77.0,132.0,174.0,179.0,87.0,346.0,175.0,132.0,113.0,217.0,299.0,257.0,142.0,303.0,294.0,145.0,304.0,430.0,532.0,1542.8
2020-08-05,216,Israel,1739,71.0,55.0,18.0,23.0,29.0,23.0,19.0,31.0,10.0,19.0,9.0,4.0,29.0,20.0,20.0,0.0,0.0,30.0,14.0,23.0,36.0,79.0,115.0,25.0,59.0,148.0,123.0,87.0,133.0,144.0,77.0,132.0,174.0,179.0,87.0,346.0,175.0,132.0,113.0,217.0,299.0,257.0,142.0,303.0,294.0,145.0,304.0,430.0,532.0,356.0,1596.4
2020-08-06,217,Israel,1682,55.0,18.0,23.0,29.0,23.0,19.0,31.0,10.0,19.0,9.0,4.0,29.0,20.0,20.0,0.0,0.0,30.0,14.0,23.0,36.0,79.0,115.0,25.0,59.0,148.0,123.0,87.0,133.0,144.0,77.0,132.0,174.0,179.0,87.0,346.0,175.0,132.0,113.0,217.0,299.0,257.0,142.0,303.0,294.0,145.0,304.0,430.0,532.0,356.0,400.0,1636.8
2020-08-07,218,Israel,1730,18.0,23.0,29.0,23.0,19.0,31.0,10.0,19.0,9.0,4.0,29.0,20.0,20.0,0.0,0.0,30.0,14.0,23.0,36.0,79.0,115.0,25.0,59.0,148.0,123.0,87.0,133.0,144.0,77.0,132.0,174.0,179.0,87.0,346.0,175.0,132.0,113.0,217.0,299.0,257.0,142.0,303.0,294.0,145.0,304.0,430.0,532.0,356.0,400.0,621.0,1559.6
2020-08-08,219,Israel,937,23.0,29.0,23.0,19.0,31.0,10.0,19.0,9.0,4.0,29.0,20.0,20.0,0.0,0.0,30.0,14.0,23.0,36.0,79.0,115.0,25.0,59.0,148.0,123.0,87.0,133.0,144.0,77.0,132.0,174.0,179.0,87.0,346.0,175.0,132.0,113.0,217.0,299.0,257.0,142.0,303.0,294.0,145.0,304.0,430.0,532.0,356.0,400.0,621.0,334.0,1443.6
2020-08-09,220,Israel,1474,29.0,23.0,19.0,31.0,10.0,19.0,9.0,4.0,29.0,20.0,20.0,0.0,0.0,30.0,14.0,23.0,36.0,79.0,115.0,25.0,59.0,148.0,123.0,87.0,133.0,144.0,77.0,132.0,174.0,179.0,87.0,346.0,175.0,132.0,113.0,217.0,299.0,257.0,142.0,303.0,294.0,145.0,304.0,430.0,532.0,356.0,400.0,621.0,334.0,686.0,1390.9
2020-08-10,221,Israel,537,23.0,19.0,31.0,10.0,19.0,9.0,4.0,29.0,20.0,20.0,0.0,0.0,30.0,14.0,23.0,36.0,79.0,115.0,25.0,59.0,148.0,123.0,87.0,133.0,144.0,77.0,132.0,174.0,179.0,87.0,346.0,175.0,132.0,113.0,217.0,299.0,257.0,142.0,303.0,294.0,145.0,304.0,430.0,532.0,356.0,400.0,621.0,334.0,686.0,803.0,1262.3
2020-08-11,222,Israel,2220,19.0,31.0,10.0,19.0,9.0,4.0,29.0,20.0,20.0,0.0,0.0,30.0,14.0,23.0,36.0,79.0,115.0,25.0,59.0,148.0,123.0,87.0,133.0,144.0,77.0,132.0,174.0,179.0,87.0,346.0,175.0,132.0,113.0,217.0,299.0,257.0,142.0,303.0,294.0,145.0,304.0,430.0,532.0,356.0,400.0,621.0,334.0,686.0,803.0,1013.0,1425.2
2020-08-12,223,Israel,1737,31.0,10.0,19.0,9.0,4.0,29.0,20.0,20.0,0.0,0.0,30.0,14.0,23.0,36.0,79.0,115.0,25.0,59.0,148.0,123.0,87.0,133.0,144.0,77.0,132.0,174.0,179.0,87.0,346.0,175.0,132.0,113.0,217.0,299.0,257.0,142.0,303.0,294.0,145.0,304.0,430.0,532.0,356.0,400.0,621.0,334.0,686.0,803.0,1013.0,1285.0,1467.6
2020-08-13,224,Israel,1595,10.0,19.0,9.0,4.0,29.0,20.0,20.0,0.0,0.0,30.0,14.0,23.0,36.0,79.0,115.0,25.0,59.0,148.0,123.0,87.0,133.0,144.0,77.0,132.0,174.0,179.0,87.0,346.0,175.0,132.0,113.0,217.0,299.0,257.0,142.0,303.0,294.0,145.0,304.0,430.0,532.0,356.0,400.0,621.0,334.0,686.0,803.0,1013.0,1285.0,513.0,1552.9
2020-08-14,225,Israel,1268,19.0,9.0,4.0,29.0,20.0,20.0,0.0,0.0,30.0,14.0,23.0,36.0,79.0,115.0,25.0,59.0,148.0,123.0,87.0,133.0,144.0,77.0,132.0,174.0,179.0,87.0,346.0,175.0,132.0,113.0,217.0,299.0,257.0,142.0,303.0,294.0,145.0,304.0,430.0,532.0,356.0,400.0,621.0,334.0,686.0,803.0,1013.0,1285.0,513.0,1115.0,1491.9
2020-08-15,226,Israel,1258,9.0,4.0,29.0,20.0,20.0,0.0,0.0,30.0,14.0,23.0,36.0,79.0,115.0,25.0,59.0,148.0,123.0,87.0,133.0,144.0,77.0,132.0,174.0,179.0,87.0,346.0,175.0,132.0,113.0,217.0,299.0,257.0,142.0,303.0,294.0,145.0,304.0,430.0,532.0,356.0,400.0,621.0,334.0,686.0,803.0,1013.0,1285.0,513.0,1115.0,788.0,1443.8
2020-08-16,227,Israel,1263,4.0,29.0,20.0,20.0,0.0,0.0,30.0,14.0,23.0,36.0,79.0,115.0,25.0,59.0,148.0,123.0,87.0,133.0,144.0,77.0,132.0,174.0,179.0,87.0,346.0,175.0,132.0,113.0,217.0,299.0,257.0,142.0,303.0,294.0,145.0,304.0,430.0,532.0,356.0,400.0,621.0,334.0,686.0,803.0,1013.0,1285.0,513.0,1115.0,788.0,1228.0,1401.9
2020-08-17,228,Israel,337,29.0,20.0,20.0,0.0,0.0,30.0,14.0,23.0,36.0,79.0,115.0,25.0,59.0,148.0,123.0,87.0,133.0,144.0,77.0,132.0,174.0,179.0,87.0,346.0,175.0,132.0,113.0,217.0,299.0,257.0,142.0,303.0,294.0,145.0,304.0,430.0,532.0,356.0,400.0,621.0,334.0,686.0,803.0,1013.0,1285.0,513.0,1115.0,788.0,1228.0,1036.0,1262.6
2020-08-18,229,Israel,2449,20.0,20.0,0.0,0.0,30.0,14.0,23.0,36.0,79.0,115.0,25.0,59.0,148.0,123.0,87.0,133.0,144.0,77.0,132.0,174.0,179.0,87.0,346.0,175.0,132.0,113.0,217.0,299.0,257.0,142.0,303.0,294.0,145.0,304.0,430.0,532.0,356.0,400.0,621.0,334.0,686.0,803.0,1013.0,1285.0,513.0,1115.0,788.0,1228.0,1036.0,1335.0,1413.8
2020-08-19,230,Israel,1280,20.0,0.0,0.0,30.0,14.0,23.0,36.0,79.0,115.0,25.0,59.0,148.0,123.0,87.0,133.0,144.0,77.0,132.0,174.0,179.0,87.0,346.0,175.0,132.0,113.0,217.0,299.0,257.0,142.0,303.0,294.0,145.0,304.0,430.0,532.0,356.0,400.0,621.0,334.0,686.0,803.0,1013.0,1285.0,513.0,1115.0,788.0,1228.0,1036.0,1335.0,1268.0,1394.4
2020-08-20,231,Israel,1560,0.0,0.0,30.0,14.0,23.0,36.0,79.0,115.0,25.0,59.0,148.0,123.0,87.0,133.0,144.0,77.0,132.0,174.0,179.0,87.0,346.0,175.0,132.0,113.0,217.0,299.0,257.0,142.0,303.0,294.0,145.0,304.0,430.0,532.0,356.0,400.0,621.0,334.0,686.0,803.0,1013.0,1285.0,513.0,1115.0,788.0,1228.0,1036.0,1335.0,1268.0,1441.0,1496.7
2020-08-21,232,Israel,1630,0.0,30.0,14.0,23.0,36.0,79.0,115.0,25.0,59.0,148.0,123.0,87.0,133.0,144.0,77.0,132.0,174.0,179.0,87.0,346.0,175.0,132.0,113.0,217.0,299.0,257.0,142.0,303.0,294.0,145.0,304.0,430.0,532.0,356.0,400.0,621.0,334.0,686.0,803.0,1013.0,1285.0,513.0,1115.0,788.0,1228.0,1036.0,1335.0,1268.0,1441.0,1197.0,1437.7
2020-08-22,233,Israel,1117,30.0,14.0,23.0,36.0,79.0,115.0,25.0,59.0,148.0,123.0,87.0,133.0,144.0,77.0,132.0,174.0,179.0,87.0,346.0,175.0,132.0,113.0,217.0,299.0,257.0,142.0,303.0,294.0,145.0,304.0,430.0,532.0,356.0,400.0,621.0,334.0,686.0,803.0,1013.0,1285.0,513.0,1115.0,788.0,1228.0,1036.0,1335.0,1268.0,1441.0,1197.0,1207.0,1375.7
2020-08-23,234,Israel,1364,14.0,23.0,36.0,79.0,115.0,25.0,59.0,148.0,123.0,87.0,133.0,144.0,77.0,132.0,174.0,179.0,87.0,346.0,175.0,132.0,113.0,217.0,299.0,257.0,142.0,303.0,294.0,145.0,304.0,430.0,532.0,356.0,400.0,621.0,334.0,686.0,803.0,1013.0,1285.0,513.0,1115.0,788.0,1228.0,1036.0,1335.0,1268.0,1441.0,1197.0,1207.0,1962.0,1352.6
2020-08-24,235,Israel,1071,23.0,36.0,79.0,115.0,25.0,59.0,148.0,123.0,87.0,133.0,144.0,77.0,132.0,174.0,179.0,87.0,346.0,175.0,132.0,113.0,217.0,299.0,257.0,142.0,303.0,294.0,145.0,304.0,430.0,532.0,356.0,400.0,621.0,334.0,686.0,803.0,1013.0,1285.0,513.0,1115.0,788.0,1228.0,1036.0,1335.0,1268.0,1441.0,1197.0,1207.0,1962.0,1728.0,1332.9
2020-08-25,236,Israel,1912,36.0,79.0,115.0,25.0,59.0,148.0,123.0,87.0,133.0,144.0,77.0,132.0,174.0,179.0,87.0,346.0,175.0,132.0,113.0,217.0,299.0,257.0,142.0,303.0,294.0,145.0,304.0,430.0,532.0,356.0,400.0,621.0,334.0,686.0,803.0,1013.0,1285.0,513.0,1115.0,788.0,1228.0,1036.0,1335.0,1268.0,1441.0,1197.0,1207.0,1962.0,1728.0,2354.0,1398.3
2020-08-26,237,Israel,2015,79.0,115.0,25.0,59.0,148.0,123.0,87.0,133.0,144.0,77.0,132.0,174.0,179.0,87.0,346.0,175.0,132.0,113.0,217.0,299.0,257.0,142.0,303.0,294.0,145.0,304.0,430.0,532.0,356.0,400.0,621.0,334.0,686.0,803.0,1013.0,1285.0,513.0,1115.0,788.0,1228.0,1036.0,1335.0,1268.0,1441.0,1197.0,1207.0,1962.0,1728.0,2354.0,1345.0,1473.5
2020-08-27,238,Israel,1886,115.0,25.0,59.0,148.0,123.0,87.0,133.0,144.0,77.0,132.0,174.0,179.0,87.0,346.0,175.0,132.0,113.0,217.0,299.0,257.0,142.0,303.0,294.0,145.0,304.0,430.0,532.0,356.0,400.0,621.0,334.0,686.0,803.0,1013.0,1285.0,513.0,1115.0,788.0,1228.0,1036.0,1335.0,1268.0,1441.0,1197.0,1207.0,1962.0,1728.0,2354.0,1345.0,1400.0,1628.4
2020-08-28,239,Israel,1439,25.0,59.0,148.0,123.0,87.0,133.0,144.0,77.0,132.0,174.0,179.0,87.0,346.0,175.0,132.0,113.0,217.0,299.0,257.0,142.0,303.0,294.0,145.0,304.0,430.0,532.0,356.0,400.0,621.0,334.0,686.0,803.0,1013.0,1285.0,513.0,1115.0,788.0,1228.0,1036.0,1335.0,1268.0,1441.0,1197.0,1207.0,1962.0,1728.0,2354.0,1345.0,1400.0,1906.0,1527.4
2020-08-29,240,Israel,1597,59.0,148.0,123.0,87.0,133.0,144.0,77.0,132.0,174.0,179.0,87.0,346.0,175.0,132.0,113.0,217.0,299.0,257.0,142.0,303.0,294.0,145.0,304.0,430.0,532.0,356.0,400.0,621.0,334.0,686.0,803.0,1013.0,1285.0,513.0,1115.0,788.0,1228.0,1036.0,1335.0,1268.0,1441.0,1197.0,1207.0,1962.0,1728.0,2354.0,1345.0,1400.0,1906.0,924.0,1559.1
2020-08-30,241,Israel,1623,148.0,123.0,87.0,133.0,144.0,77.0,132.0,174.0,179.0,87.0,346.0,175.0,132.0,113.0,217.0,299.0,257.0,142.0,303.0,294.0,145.0,304.0,430.0,532.0,356.0,400.0,621.0,334.0,686.0,803.0,1013.0,1285.0,513.0,1115.0,788.0,1228.0,1036.0,1335.0,1268.0,1441.0,1197.0,1207.0,1962.0,1728.0,2354.0,1345.0,1400.0,1906.0,924.0,1387.0,1565.4
2020-08-31,242,Israel,397,123.0,87.0,133.0,144.0,77.0,132.0,174.0,179.0,87.0,346.0,175.0,132.0,113.0,217.0,299.0,257.0,142.0,303.0,294.0,145.0,304.0,430.0,532.0,356.0,400.0,621.0,334.0,686.0,803.0,1013.0,1285.0,513.0,1115.0,788.0,1228.0,1036.0,1335.0,1268.0,1441.0,1197.0,1207.0,1962.0,1728.0,2354.0,1345.0,1400.0,1906.0,924.0,1387.0,2366.0,1442.1
2020-09-01,243,Israel,3010,87.0,133.0,144.0,77.0,132.0,174.0,179.0,87.0,346.0,175.0,132.0,113.0,217.0,299.0,257.0,142.0,303.0,294.0,145.0,304.0,430.0,532.0,356.0,400.0,621.0,334.0,686.0,803.0,1013.0,1285.0,513.0,1115.0,788.0,1228.0,1036.0,1335.0,1268.0,1441.0,1197.0,1207.0,1962.0,1728.0,2354.0,1345.0,1400.0,1906.0,924.0,1387.0,2366.0,2043.0,1631.4
2020-09-02,244,Israel,2235,133.0,144.0,77.0,132.0,174.0,179.0,87.0,346.0,175.0,132.0,113.0,217.0,299.0,257.0,142.0,303.0,294.0,145.0,304.0,430.0,532.0,356.0,400.0,621.0,334.0,686.0,803.0,1013.0,1285.0,513.0,1115.0,788.0,1228.0,1036.0,1335.0,1268.0,1441.0,1197.0,1207.0,1962.0,1728.0,2354.0,1345.0,1400.0,1906.0,924.0,1387.0,2366.0,2043.0,1897.0,1718.5
2020-09-03,245,Israel,3274,144.0,77.0,132.0,174.0,179.0,87.0,346.0,175.0,132.0,113.0,217.0,299.0,257.0,142.0,303.0,294.0,145.0,304.0,430.0,532.0,356.0,400.0,621.0,334.0,686.0,803.0,1013.0,1285.0,513.0,1115.0,788.0,1228.0,1036.0,1335.0,1268.0,1441.0,1197.0,1207.0,1962.0,1728.0,2354.0,1345.0,1400.0,1906.0,924.0,1387.0,2366.0,2043.0,1897.0,1493.0,1938.8
2020-09-04,246,Israel,2721,77.0,132.0,174.0,179.0,87.0,346.0,175.0,132.0,113.0,217.0,299.0,257.0,142.0,303.0,294.0,145.0,304.0,430.0,532.0,356.0,400.0,621.0,334.0,686.0,803.0,1013.0,1285.0,513.0,1115.0,788.0,1228.0,1036.0,1335.0,1268.0,1441.0,1197.0,1207.0,1962.0,1728.0,2354.0,1345.0,1400.0,1906.0,924.0,1387.0,2366.0,2043.0,1897.0,1493.0,1203.0,2019.7
2020-09-05,247,Israel,1159,132.0,174.0,179.0,87.0,346.0,175.0,132.0,113.0,217.0,299.0,257.0,142.0,303.0,294.0,145.0,304.0,430.0,532.0,356.0,400.0,621.0,334.0,686.0,803.0,1013.0,1285.0,513.0,1115.0,788.0,1228.0,1036.0,1335.0,1268.0,1441.0,1197.0,1207.0,1962.0,1728.0,2354.0,1345.0,1400.0,1906.0,924.0,1387.0,2366.0,2043.0,1897.0,1493.0,1203.0,1278.0,1934.1
2020-09-06,248,Israel,2754,174.0,179.0,87.0,346.0,175.0,132.0,113.0,217.0,299.0,257.0,142.0,303.0,294.0,145.0,304.0,430.0,532.0,356.0,400.0,621.0,334.0,686.0,803.0,1013.0,1285.0,513.0,1115.0,788.0,1228.0,1036.0,1335.0,1268.0,1441.0,1197.0,1207.0,1962.0,1728.0,2354.0,1345.0,1400.0,1906.0,924.0,1387.0,2366.0,2043.0,1897.0,1493.0,1203.0,1278.0,2502.0,2020.9
2020-09-07,249,Israel,1471,179.0,87.0,346.0,175.0,132.0,113.0,217.0,299.0,257.0,142.0,303.0,294.0,145.0,304.0,430.0,532.0,356.0,400.0,621.0,334.0,686.0,803.0,1013.0,1285.0,513.0,1115.0,788.0,1228.0,1036.0,1335.0,1268.0,1441.0,1197.0,1207.0,1962.0,1728.0,2354.0,1345.0,1400.0,1906.0,924.0,1387.0,2366.0,2043.0,1897.0,1493.0,1203.0,1278.0,2502.0,2097.0,2024.1
2020-09-08,250,Israel,4399,87.0,346.0,175.0,132.0,113.0,217.0,299.0,257.0,142.0,303.0,294.0,145.0,304.0,430.0,532.0,356.0,400.0,621.0,334.0,686.0,803.0,1013.0,1285.0,513.0,1115.0,788.0,1228.0,1036.0,1335.0,1268.0,1441.0,1197.0,1207.0,1962.0,1728.0,2354.0,1345.0,1400.0,1906.0,924.0,1387.0,2366.0,2043.0,1897.0,1493.0,1203.0,1278.0,2502.0,2097.0,2001.0,2304.3
2020-09-09,251,Israel,3676,346.0,175.0,132.0,113.0,217.0,299.0,257.0,142.0,303.0,294.0,145.0,304.0,430.0,532.0,356.0,400.0,621.0,334.0,686.0,803.0,1013.0,1285.0,513.0,1115.0,788.0,1228.0,1036.0,1335.0,1268.0,1441.0,1197.0,1207.0,1962.0,1728.0,2354.0,1345.0,1400.0,1906.0,924.0,1387.0,2366.0,2043.0,1897.0,1493.0,1203.0,1278.0,2502.0,2097.0,2001.0,1823.0,2509.6
2020-09-10,252,Israel,3863,175.0,132.0,113.0,217.0,299.0,257.0,142.0,303.0,294.0,145.0,304.0,430.0,532.0,356.0,400.0,621.0,334.0,686.0,803.0,1013.0,1285.0,513.0,1115.0,788.0,1228.0,1036.0,1335.0,1268.0,1441.0,1197.0,1207.0,1962.0,1728.0,2354.0,1345.0,1400.0,1906.0,924.0,1387.0,2366.0,2043.0,1897.0,1493.0,1203.0,1278.0,2502.0,2097.0,2001.0,1823.0,591.0,2856.2
2020-09-11,253,Israel,3960,132.0,113.0,217.0,299.0,257.0,142.0,303.0,294.0,145.0,304.0,430.0,532.0,356.0,400.0,621.0,334.0,686.0,803.0,1013.0,1285.0,513.0,1115.0,788.0,1228.0,1036.0,1335.0,1268.0,1441.0,1197.0,1207.0,1962.0,1728.0,2354.0,1345.0,1400.0,1906.0,924.0,1387.0,2366.0,2043.0,1897.0,1493.0,1203.0,1278.0,2502.0,2097.0,2001.0,1823.0,591.0,1313.0,2951.2
2020-09-12,254,Israel,2022,113.0,217.0,299.0,257.0,142.0,303.0,294.0,145.0,304.0,430.0,532.0,356.0,400.0,621.0,334.0,686.0,803.0,1013.0,1285.0,513.0,1115.0,788.0,1228.0,1036.0,1335.0,1268.0,1441.0,1197.0,1207.0,1962.0,1728.0,2354.0,1345.0,1400.0,1906.0,924.0,1387.0,2366.0,2043.0,1897.0,1493.0,1203.0,1278.0,2502.0,2097.0,2001.0,1823.0,591.0,1313.0,742.0,2929.9
2020-09-13,255,Israel,4653,217.0,299.0,257.0,142.0,303.0,294.0,145.0,304.0,430.0,532.0,356.0,400.0,621.0,334.0,686.0,803.0,1013.0,1285.0,513.0,1115.0,788.0,1228.0,1036.0,1335.0,1268.0,1441.0,1197.0,1207.0,1962.0,1728.0,2354.0,1345.0,1400.0,1906.0,924.0,1387.0,2366.0,2043.0,1897.0,1493.0,1203.0,1278.0,2502.0,2097.0,2001.0,1823.0,591.0,1313.0,742.0,1878.0,3067.8
2020-09-14,256,Israel,3379,299.0,257.0,142.0,303.0,294.0,145.0,304.0,430.0,532.0,356.0,400.0,621.0,334.0,686.0,803.0,1013.0,1285.0,513.0,1115.0,788.0,1228.0,1036.0,1335.0,1268.0,1441.0,1197.0,1207.0,1962.0,1728.0,2354.0,1345.0,1400.0,1906.0,924.0,1387.0,2366.0,2043.0,1897.0,1493.0,1203.0,1278.0,2502.0,2097.0,2001.0,1823.0,591.0,1313.0,742.0,1878.0,1739.0,3133.6
2020-09-15,257,Israel,3772,257.0,142.0,303.0,294.0,145.0,304.0,430.0,532.0,356.0,400.0,621.0,334.0,686.0,803.0,1013.0,1285.0,513.0,1115.0,788.0,1228.0,1036.0,1335.0,1268.0,1441.0,1197.0,1207.0,1962.0,1728.0,2354.0,1345.0,1400.0,1906.0,924.0,1387.0,2366.0,2043.0,1897.0,1493.0,1203.0,1278.0,2502.0,2097.0,2001.0,1823.0,591.0,1313.0,742.0,1878.0,1739.0,1682.0,3394.9
2020-09-16,258,Israel,6426,142.0,303.0,294.0,145.0,304.0,430.0,532.0,356.0,400.0,621.0,334.0,686.0,803.0,1013.0,1285.0,513.0,1115.0,788.0,1228.0,1036.0,1335.0,1268.0,1441.0,1197.0,1207.0,1962.0,1728.0,2354.0,1345.0,1400.0,1906.0,924.0,1387.0,2366.0,2043.0,1897.0,1493.0,1203.0,1278.0,2502.0,2097.0,2001.0,1823.0,591.0,1313.0,742.0,1878.0,1739.0,1682.0,1730.0,3762.1
2020-09-17,259,Israel,4974,303.0,294.0,145.0,304.0,430.0,532.0,356.0,400.0,621.0,334.0,686.0,803.0,1013.0,1285.0,513.0,1115.0,788.0,1228.0,1036.0,1335.0,1268.0,1441.0,1197.0,1207.0,1962.0,1728.0,2354.0,1345.0,1400.0,1906.0,924.0,1387.0,2366.0,2043.0,1897.0,1493.0,1203.0,1278.0,2502.0,2097.0,2001.0,1823.0,591.0,1313.0,742.0,1878.0,1739.0,1682.0,1730.0,937.0,4112.4
2020-09-18,260,Israel,5165,294.0,145.0,304.0,430.0,532.0,356.0,400.0,621.0,334.0,686.0,803.0,1013.0,1285.0,513.0,1115.0,788.0,1228.0,1036.0,1335.0,1268.0,1441.0,1197.0,1207.0,1962.0,1728.0,2354.0,1345.0,1400.0,1906.0,924.0,1387.0,2366.0,2043.0,1897.0,1493.0,1203.0,1278.0,2502.0,2097.0,2001.0,1823.0,591.0,1313.0,742.0,1878.0,1739.0,1682.0,1730.0,937.0,1474.0,4189.0
2020-09-19,261,Israel,2138,145.0,304.0,430.0,532.0,356.0,400.0,621.0,334.0,686.0,803.0,1013.0,1285.0,513.0,1115.0,788.0,1228.0,1036.0,1335.0,1268.0,1441.0,1197.0,1207.0,1962.0,1728.0,2354.0,1345.0,1400.0,1906.0,924.0,1387.0,2366.0,2043.0,1897.0,1493.0,1203.0,1278.0,2502.0,2097.0,2001.0,1823.0,591.0,1313.0,742.0,1878.0,1739.0,1682.0,1730.0,937.0,1474.0,537.0,4035.2
2020-09-20,262,Israel,4531,304.0,430.0,532.0,356.0,400.0,621.0,334.0,686.0,803.0,1013.0,1285.0,513.0,1115.0,788.0,1228.0,1036.0,1335.0,1268.0,1441.0,1197.0,1207.0,1962.0,1728.0,2354.0,1345.0,1400.0,1906.0,924.0,1387.0,2366.0,2043.0,1897.0,1493.0,1203.0,1278.0,2502.0,2097.0,2001.0,1823.0,591.0,1313.0,742.0,1878.0,1739.0,1682.0,1730.0,937.0,1474.0,537.0,2220.0,4102.0
2020-09-21,263,Israel,4825,430.0,532.0,356.0,400.0,621.0,334.0,686.0,803.0,1013.0,1285.0,513.0,1115.0,788.0,1228.0,1036.0,1335.0,1268.0,1441.0,1197.0,1207.0,1962.0,1728.0,2354.0,1345.0,1400.0,1906.0,924.0,1387.0,2366.0,2043.0,1897.0,1493.0,1203.0,1278.0,2502.0,2097.0,2001.0,1823.0,591.0,1313.0,742.0,1878.0,1739.0,1682.0,1730.0,937.0,1474.0,537.0,2220.0,1737.0,4188.5
2020-09-22,264,Israel,4152,532.0,356.0,400.0,621.0,334.0,686.0,803.0,1013.0,1285.0,513.0,1115.0,788.0,1228.0,1036.0,1335.0,1268.0,1441.0,1197.0,1207.0,1962.0,1728.0,2354.0,1345.0,1400.0,1906.0,924.0,1387.0,2366.0,2043.0,1897.0,1493.0,1203.0,1278.0,2502.0,2097.0,2001.0,1823.0,591.0,1313.0,742.0,1878.0,1739.0,1682.0,1730.0,937.0,1474.0,537.0,2220.0,1737.0,1595.0,4401.5
2020-09-23,265,Israel,795,356.0,400.0,621.0,334.0,686.0,803.0,1013.0,1285.0,513.0,1115.0,788.0,1228.0,1036.0,1335.0,1268.0,1441.0,1197.0,1207.0,1962.0,1728.0,2354.0,1345.0,1400.0,1906.0,924.0,1387.0,2366.0,2043.0,1897.0,1493.0,1203.0,1278.0,2502.0,2097.0,2001.0,1823.0,591.0,1313.0,742.0,1878.0,1739.0,1682.0,1730.0,937.0,1474.0,537.0,2220.0,1737.0,1595.0,1268.0,4015.7
2020-09-24,266,Israel,11316,400.0,621.0,334.0,686.0,803.0,1013.0,1285.0,513.0,1115.0,788.0,1228.0,1036.0,1335.0,1268.0,1441.0,1197.0,1207.0,1962.0,1728.0,2354.0,1345.0,1400.0,1906.0,924.0,1387.0,2366.0,2043.0,1897.0,1493.0,1203.0,1278.0,2502.0,2097.0,2001.0,1823.0,591.0,1313.0,742.0,1878.0,1739.0,1682.0,1730.0,937.0,1474.0,537.0,2220.0,1737.0,1595.0,1268.0,1258.0,4809.4
2020-09-25,267,Israel,9768,621.0,334.0,686.0,803.0,1013.0,1285.0,513.0,1115.0,788.0,1228.0,1036.0,1335.0,1268.0,1441.0,1197.0,1207.0,1962.0,1728.0,2354.0,1345.0,1400.0,1906.0,924.0,1387.0,2366.0,2043.0,1897.0,1493.0,1203.0,1278.0,2502.0,2097.0,2001.0,1823.0,591.0,1313.0,742.0,1878.0,1739.0,1682.0,1730.0,937.0,1474.0,537.0,2220.0,1737.0,1595.0,1268.0,1258.0,1263.0,5409.0
2020-09-26,268,Israel,815,334.0,686.0,803.0,1013.0,1285.0,513.0,1115.0,788.0,1228.0,1036.0,1335.0,1268.0,1441.0,1197.0,1207.0,1962.0,1728.0,2354.0,1345.0,1400.0,1906.0,924.0,1387.0,2366.0,2043.0,1897.0,1493.0,1203.0,1278.0,2502.0,2097.0,2001.0,1823.0,591.0,1313.0,742.0,1878.0,1739.0,1682.0,1730.0,937.0,1474.0,537.0,2220.0,1737.0,1595.0,1268.0,1258.0,1263.0,337.0,4847.9
2020-09-27,269,Israel,11827,686.0,803.0,1013.0,1285.0,513.0,1115.0,788.0,1228.0,1036.0,1335.0,1268.0,1441.0,1197.0,1207.0,1962.0,1728.0,2354.0,1345.0,1400.0,1906.0,924.0,1387.0,2366.0,2043.0,1897.0,1493.0,1203.0,1278.0,2502.0,2097.0,2001.0,1823.0,591.0,1313.0,742.0,1878.0,1739.0,1682.0,1730.0,937.0,1474.0,537.0,2220.0,1737.0,1595.0,1268.0,1258.0,1263.0,337.0,2449.0,5533.2
2020-09-28,270,Israel,3926,803.0,1013.0,1285.0,513.0,1115.0,788.0,1228.0,1036.0,1335.0,1268.0,1441.0,1197.0,1207.0,1962.0,1728.0,2354.0,1345.0,1400.0,1906.0,924.0,1387.0,2366.0,2043.0,1897.0,1493.0,1203.0,1278.0,2502.0,2097.0,2001.0,1823.0,591.0,1313.0,742.0,1878.0,1739.0,1682.0,1730.0,937.0,1474.0,537.0,2220.0,1737.0,1595.0,1268.0,1258.0,1263.0,337.0,2449.0,1280.0,5409.3
2020-09-29,271,Israel,2239,1013.0,1285.0,513.0,1115.0,788.0,1228.0,1036.0,1335.0,1268.0,1441.0,1197.0,1207.0,1962.0,1728.0,2354.0,1345.0,1400.0,1906.0,924.0,1387.0,2366.0,2043.0,1897.0,1493.0,1203.0,1278.0,2502.0,2097.0,2001.0,1823.0,591.0,1313.0,742.0,1878.0,1739.0,1682.0,1730.0,937.0,1474.0,537.0,2220.0,1737.0,1595.0,1268.0,1258.0,1263.0,337.0,2449.0,1280.0,1560.0,5419.4
2020-09-30,272,Israel,3661,1285.0,513.0,1115.0,788.0,1228.0,1036.0,1335.0,1268.0,1441.0,1197.0,1207.0,1962.0,1728.0,2354.0,1345.0,1400.0,1906.0,924.0,1387.0,2366.0,2043.0,1897.0,1493.0,1203.0,1278.0,2502.0,2097.0,2001.0,1823.0,591.0,1313.0,742.0,1878.0,1739.0,1682.0,1730.0,937.0,1474.0,537.0,2220.0,1737.0,1595.0,1268.0,1258.0,1263.0,337.0,2449.0,1280.0,1560.0,1630.0,5332.4
2020-10-01,273,Israel,11207,513.0,1115.0,788.0,1228.0,1036.0,1335.0,1268.0,1441.0,1197.0,1207.0,1962.0,1728.0,2354.0,1345.0,1400.0,1906.0,924.0,1387.0,2366.0,2043.0,1897.0,1493.0,1203.0,1278.0,2502.0,2097.0,2001.0,1823.0,591.0,1313.0,742.0,1878.0,1739.0,1682.0,1730.0,937.0,1474.0,537.0,2220.0,1737.0,1595.0,1268.0,1258.0,1263.0,337.0,2449.0,1280.0,1560.0,1630.0,1117.0,5970.6
2020-10-02,274,Israel,7638,1115.0,788.0,1228.0,1036.0,1335.0,1268.0,1441.0,1197.0,1207.0,1962.0,1728.0,2354.0,1345.0,1400.0,1906.0,924.0,1387.0,2366.0,2043.0,1897.0,1493.0,1203.0,1278.0,2502.0,2097.0,2001.0,1823.0,591.0,1313.0,742.0,1878.0,1739.0,1682.0,1730.0,937.0,1474.0,537.0,2220.0,1737.0,1595.0,1268.0,1258.0,1263.0,337.0,2449.0,1280.0,1560.0,1630.0,1117.0,1364.0,6319.2
2020-10-03,275,Israel,3131,788.0,1228.0,1036.0,1335.0,1268.0,1441.0,1197.0,1207.0,1962.0,1728.0,2354.0,1345.0,1400.0,1906.0,924.0,1387.0,2366.0,2043.0,1897.0,1493.0,1203.0,1278.0,2502.0,2097.0,2001.0,1823.0,591.0,1313.0,742.0,1878.0,1739.0,1682.0,1730.0,937.0,1474.0,537.0,2220.0,1737.0,1595.0,1268.0,1258.0,1263.0,337.0,2449.0,1280.0,1560.0,1630.0,1117.0,1364.0,1071.0,6552.8
2020-10-04,276,Israel,5955,1228.0,1036.0,1335.0,1268.0,1441.0,1197.0,1207.0,1962.0,1728.0,2354.0,1345.0,1400.0,1906.0,924.0,1387.0,2366.0,2043.0,1897.0,1493.0,1203.0,1278.0,2502.0,2097.0,2001.0,1823.0,591.0,1313.0,742.0,1878.0,1739.0,1682.0,1730.0,937.0,1474.0,537.0,2220.0,1737.0,1595.0,1268.0,1258.0,1263.0,337.0,2449.0,1280.0,1560.0,1630.0,1117.0,1364.0,1071.0,1912.0,6016.7
2020-10-05,277,Israel,3318,1036.0,1335.0,1268.0,1441.0,1197.0,1207.0,1962.0,1728.0,2354.0,1345.0,1400.0,1906.0,924.0,1387.0,2366.0,2043.0,1897.0,1493.0,1203.0,1278.0,2502.0,2097.0,2001.0,1823.0,591.0,1313.0,742.0,1878.0,1739.0,1682.0,1730.0,937.0,1474.0,537.0,2220.0,1737.0,1595.0,1268.0,1258.0,1263.0,337.0,2449.0,1280.0,1560.0,1630.0,1117.0,1364.0,1071.0,1912.0,2015.0,5371.7
2020-10-06,278,Israel,4134,1335.0,1268.0,1441.0,1197.0,1207.0,1962.0,1728.0,2354.0,1345.0,1400.0,1906.0,924.0,1387.0,2366.0,2043.0,1897.0,1493.0,1203.0,1278.0,2502.0,2097.0,2001.0,1823.0,591.0,1313.0,742.0,1878.0,1739.0,1682.0,1730.0,937.0,1474.0,537.0,2220.0,1737.0,1595.0,1268.0,1258.0,1263.0,337.0,2449.0,1280.0,1560.0,1630.0,1117.0,1364.0,1071.0,1912.0,2015.0,1886.0,5703.6
2020-10-07,279,Israel,4717,1268.0,1441.0,1197.0,1207.0,1962.0,1728.0,2354.0,1345.0,1400.0,1906.0,924.0,1387.0,2366.0,2043.0,1897.0,1493.0,1203.0,1278.0,2502.0,2097.0,2001.0,1823.0,591.0,1313.0,742.0,1878.0,1739.0,1682.0,1730.0,937.0,1474.0,537.0,2220.0,1737.0,1595.0,1268.0,1258.0,1263.0,337.0,2449.0,1280.0,1560.0,1630.0,1117.0,1364.0,1071.0,1912.0,2015.0,1886.0,1439.0,4992.6
2020-10-08,280,Israel,4455,1441.0,1197.0,1207.0,1962.0,1728.0,2354.0,1345.0,1400.0,1906.0,924.0,1387.0,2366.0,2043.0,1897.0,1493.0,1203.0,1278.0,2502.0,2097.0,2001.0,1823.0,591.0,1313.0,742.0,1878.0,1739.0,1682.0,1730.0,937.0,1474.0,537.0,2220.0,1737.0,1595.0,1268.0,1258.0,1263.0,337.0,2449.0,1280.0,1560.0,1630.0,1117.0,1364.0,1071.0,1912.0,2015.0,1886.0,1439.0,1597.0,5045.5
2020-10-09,281,Israel,4912,1197.0,1207.0,1962.0,1728.0,2354.0,1345.0,1400.0,1906.0,924.0,1387.0,2366.0,2043.0,1897.0,1493.0,1203.0,1278.0,2502.0,2097.0,2001.0,1823.0,591.0,1313.0,742.0,1878.0,1739.0,1682.0,1730.0,937.0,1474.0,537.0,2220.0,1737.0,1595.0,1268.0,1258.0,1263.0,337.0,2449.0,1280.0,1560.0,1630.0,1117.0,1364.0,1071.0,1912.0,2015.0,1886.0,1439.0,1597.0,1623.0,5312.8
2020-10-10,282,Israel,1465,1207.0,1962.0,1728.0,2354.0,1345.0,1400.0,1906.0,924.0,1387.0,2366.0,2043.0,1897.0,1493.0,1203.0,1278.0,2502.0,2097.0,2001.0,1823.0,591.0,1313.0,742.0,1878.0,1739.0,1682.0,1730.0,937.0,1474.0,537.0,2220.0,1737.0,1595.0,1268.0,1258.0,1263.0,337.0,2449.0,1280.0,1560.0,1630.0,1117.0,1364.0,1071.0,1912.0,2015.0,1886.0,1439.0,1597.0,1623.0,397.0,5093.2
2020-10-11,283,Israel,2145,1962.0,1728.0,2354.0,1345.0,1400.0,1906.0,924.0,1387.0,2366.0,2043.0,1897.0,1493.0,1203.0,1278.0,2502.0,2097.0,2001.0,1823.0,591.0,1313.0,742.0,1878.0,1739.0,1682.0,1730.0,937.0,1474.0,537.0,2220.0,1737.0,1595.0,1268.0,1258.0,1263.0,337.0,2449.0,1280.0,1560.0,1630.0,1117.0,1364.0,1071.0,1912.0,2015.0,1886.0,1439.0,1597.0,1623.0,397.0,3010.0,4187.0
2020-10-12,284,Israel,1825,1728.0,2354.0,1345.0,1400.0,1906.0,924.0,1387.0,2366.0,2043.0,1897.0,1493.0,1203.0,1278.0,2502.0,2097.0,2001.0,1823.0,591.0,1313.0,742.0,1878.0,1739.0,1682.0,1730.0,937.0,1474.0,537.0,2220.0,1737.0,1595.0,1268.0,1258.0,1263.0,337.0,2449.0,1280.0,1560.0,1630.0,1117.0,1364.0,1071.0,1912.0,2015.0,1886.0,1439.0,1597.0,1623.0,397.0,3010.0,2235.0,3605.7
2020-10-13,285,Israel,3209,2354.0,1345.0,1400.0,1906.0,924.0,1387.0,2366.0,2043.0,1897.0,1493.0,1203.0,1278.0,2502.0,2097.0,2001.0,1823.0,591.0,1313.0,742.0,1878.0,1739.0,1682.0,1730.0,937.0,1474.0,537.0,2220.0,1737.0,1595.0,1268.0,1258.0,1263.0,337.0,2449.0,1280.0,1560.0,1630.0,1117.0,1364.0,1071.0,1912.0,2015.0,1886.0,1439.0,1597.0,1623.0,397.0,3010.0,2235.0,3274.0,3613.5
2020-10-14,286,Israel,2237,1345.0,1400.0,1906.0,924.0,1387.0,2366.0,2043.0,1897.0,1493.0,1203.0,1278.0,2502.0,2097.0,2001.0,1823.0,591.0,1313.0,742.0,1878.0,1739.0,1682.0,1730.0,937.0,1474.0,537.0,2220.0,1737.0,1595.0,1268.0,1258.0,1263.0,337.0,2449.0,1280.0,1560.0,1630.0,1117.0,1364.0,1071.0,1912.0,2015.0,1886.0,1439.0,1597.0,1623.0,397.0,3010.0,2235.0,3274.0,2721.0,3241.7
2020-10-15,287,Israel,1979,1400.0,1906.0,924.0,1387.0,2366.0,2043.0,1897.0,1493.0,1203.0,1278.0,2502.0,2097.0,2001.0,1823.0,591.0,1313.0,742.0,1878.0,1739.0,1682.0,1730.0,937.0,1474.0,537.0,2220.0,1737.0,1595.0,1268.0,1258.0,1263.0,337.0,2449.0,1280.0,1560.0,1630.0,1117.0,1364.0,1071.0,1912.0,2015.0,1886.0,1439.0,1597.0,1623.0,397.0,3010.0,2235.0,3274.0,2721.0,1159.0,3107.8
2020-10-16,288,Israel,948,1906.0,924.0,1387.0,2366.0,2043.0,1897.0,1493.0,1203.0,1278.0,2502.0,2097.0,2001.0,1823.0,591.0,1313.0,742.0,1878.0,1739.0,1682.0,1730.0,937.0,1474.0,537.0,2220.0,1737.0,1595.0,1268.0,1258.0,1263.0,337.0,2449.0,1280.0,1560.0,1630.0,1117.0,1364.0,1071.0,1912.0,2015.0,1886.0,1439.0,1597.0,1623.0,397.0,3010.0,2235.0,3274.0,2721.0,1159.0,2754.0,2789.2
2020-10-17,289,Israel,1695,924.0,1387.0,2366.0,2043.0,1897.0,1493.0,1203.0,1278.0,2502.0,2097.0,2001.0,1823.0,591.0,1313.0,742.0,1878.0,1739.0,1682.0,1730.0,937.0,1474.0,537.0,2220.0,1737.0,1595.0,1268.0,1258.0,1263.0,337.0,2449.0,1280.0,1560.0,1630.0,1117.0,1364.0,1071.0,1912.0,2015.0,1886.0,1439.0,1597.0,1623.0,397.0,3010.0,2235.0,3274.0,2721.0,1159.0,2754.0,1471.0,2487.0
2020-10-18,290,Israel,936,1387.0,2366.0,2043.0,1897.0,1493.0,1203.0,1278.0,2502.0,2097.0,2001.0,1823.0,591.0,1313.0,742.0,1878.0,1739.0,1682.0,1730.0,937.0,1474.0,537.0,2220.0,1737.0,1595.0,1268.0,1258.0,1263.0,337.0,2449.0,1280.0,1560.0,1630.0,1117.0,1364.0,1071.0,1912.0,2015.0,1886.0,1439.0,1597.0,1623.0,397.0,3010.0,2235.0,3274.0,2721.0,1159.0,2754.0,1471.0,4399.0,2135.1
2020-10-19,291,Israel,1014,2366.0,2043.0,1897.0,1493.0,1203.0,1278.0,2502.0,2097.0,2001.0,1823.0,591.0,1313.0,742.0,1878.0,1739.0,1682.0,1730.0,937.0,1474.0,537.0,2220.0,1737.0,1595.0,1268.0,1258.0,1263.0,337.0,2449.0,1280.0,1560.0,1630.0,1117.0,1364.0,1071.0,1912.0,2015.0,1886.0,1439.0,1597.0,1623.0,397.0,3010.0,2235.0,3274.0,2721.0,1159.0,2754.0,1471.0,4399.0,3676.0,1745.3
2020-10-20,292,Israel,1030,2043.0,1897.0,1493.0,1203.0,1278.0,2502.0,2097.0,2001.0,1823.0,591.0,1313.0,742.0,1878.0,1739.0,1682.0,1730.0,937.0,1474.0,537.0,2220.0,1737.0,1595.0,1268.0,1258.0,1263.0,337.0,2449.0,1280.0,1560.0,1630.0,1117.0,1364.0,1071.0,1912.0,2015.0,1886.0,1439.0,1597.0,1623.0,397.0,3010.0,2235.0,3274.0,2721.0,1159.0,2754.0,1471.0,4399.0,3676.0,3863.0,1701.8
2020-10-21,293,Israel,1627,1897.0,1493.0,1203.0,1278.0,2502.0,2097.0,2001.0,1823.0,591.0,1313.0,742.0,1878.0,1739.0,1682.0,1730.0,937.0,1474.0,537.0,2220.0,1737.0,1595.0,1268.0,1258.0,1263.0,337.0,2449.0,1280.0,1560.0,1630.0,1117.0,1364.0,1071.0,1912.0,2015.0,1886.0,1439.0,1597.0,1623.0,397.0,3010.0,2235.0,3274.0,2721.0,1159.0,2754.0,1471.0,4399.0,3676.0,3863.0,3960.0,1650.0
2020-10-22,294,Israel,832,1493.0,1203.0,1278.0,2502.0,2097.0,2001.0,1823.0,591.0,1313.0,742.0,1878.0,1739.0,1682.0,1730.0,937.0,1474.0,537.0,2220.0,1737.0,1595.0,1268.0,1258.0,1263.0,337.0,2449.0,1280.0,1560.0,1630.0,1117.0,1364.0,1071.0,1912.0,2015.0,1886.0,1439.0,1597.0,1623.0,397.0,3010.0,2235.0,3274.0,2721.0,1159.0,2754.0,1471.0,4399.0,3676.0,3863.0,3960.0,2022.0,1550.7
2020-10-23,295,Israel,1237,1203.0,1278.0,2502.0,2097.0,2001.0,1823.0,591.0,1313.0,742.0,1878.0,1739.0,1682.0,1730.0,937.0,1474.0,537.0,2220.0,1737.0,1595.0,1268.0,1258.0,1263.0,337.0,2449.0,1280.0,1560.0,1630.0,1117.0,1364.0,1071.0,1912.0,2015.0,1886.0,1439.0,1597.0,1623.0,397.0,3010.0,2235.0,3274.0,2721.0,1159.0,2754.0,1471.0,4399.0,3676.0,3863.0,3960.0,2022.0,4653.0,1353.5
2020-10-24,296,Israel,268,1278.0,2502.0,2097.0,2001.0,1823.0,591.0,1313.0,742.0,1878.0,1739.0,1682.0,1730.0,937.0,1474.0,537.0,2220.0,1737.0,1595.0,1268.0,1258.0,1263.0,337.0,2449.0,1280.0,1560.0,1630.0,1117.0,1364.0,1071.0,1912.0,2015.0,1886.0,1439.0,1597.0,1623.0,397.0,3010.0,2235.0,3274.0,2721.0,1159.0,2754.0,1471.0,4399.0,3676.0,3863.0,3960.0,2022.0,4653.0,3379.0,1156.6
2020-10-25,297,Israel,573,2502.0,2097.0,2001.0,1823.0,591.0,1313.0,742.0,1878.0,1739.0,1682.0,1730.0,937.0,1474.0,537.0,2220.0,1737.0,1595.0,1268.0,1258.0,1263.0,337.0,2449.0,1280.0,1560.0,1630.0,1117.0,1364.0,1071.0,1912.0,2015.0,1886.0,1439.0,1597.0,1623.0,397.0,3010.0,2235.0,3274.0,2721.0,1159.0,2754.0,1471.0,4399.0,3676.0,3863.0,3960.0,2022.0,4653.0,3379.0,3772.0,1016.0
2020-10-26,298,Israel,735,2097.0,2001.0,1823.0,591.0,1313.0,742.0,1878.0,1739.0,1682.0,1730.0,937.0,1474.0,537.0,2220.0,1737.0,1595.0,1268.0,1258.0,1263.0,337.0,2449.0,1280.0,1560.0,1630.0,1117.0,1364.0,1071.0,1912.0,2015.0,1886.0,1439.0,1597.0,1623.0,397.0,3010.0,2235.0,3274.0,2721.0,1159.0,2754.0,1471.0,4399.0,3676.0,3863.0,3960.0,2022.0,4653.0,3379.0,3772.0,6426.0,994.7
2020-10-27,299,Israel,703,2001.0,1823.0,591.0,1313.0,742.0,1878.0,1739.0,1682.0,1730.0,937.0,1474.0,537.0,2220.0,1737.0,1595.0,1268.0,1258.0,1263.0,337.0,2449.0,1280.0,1560.0,1630.0,1117.0,1364.0,1071.0,1912.0,2015.0,1886.0,1439.0,1597.0,1623.0,397.0,3010.0,2235.0,3274.0,2721.0,1159.0,2754.0,1471.0,4399.0,3676.0,3863.0,3960.0,2022.0,4653.0,3379.0,3772.0,6426.0,4974.0,895.5
2020-10-28,300,Israel,1173,1823.0,591.0,1313.0,742.0,1878.0,1739.0,1682.0,1730.0,937.0,1474.0,537.0,2220.0,1737.0,1595.0,1268.0,1258.0,1263.0,337.0,2449.0,1280.0,1560.0,1630.0,1117.0,1364.0,1071.0,1912.0,2015.0,1886.0,1439.0,1597.0,1623.0,397.0,3010.0,2235.0,3274.0,2721.0,1159.0,2754.0,1471.0,4399.0,3676.0,3863.0,3960.0,2022.0,4653.0,3379.0,3772.0,6426.0,4974.0,5165.0,919.2
2020-10-29,301,Israel,763,591.0,1313.0,742.0,1878.0,1739.0,1682.0,1730.0,937.0,1474.0,537.0,2220.0,1737.0,1595.0,1268.0,1258.0,1263.0,337.0,2449.0,1280.0,1560.0,1630.0,1117.0,1364.0,1071.0,1912.0,2015.0,1886.0,1439.0,1597.0,1623.0,397.0,3010.0,2235.0,3274.0,2721.0,1159.0,2754.0,1471.0,4399.0,3676.0,3863.0,3960.0,2022.0,4653.0,3379.0,3772.0,6426.0,4974.0,5165.0,2138.0,894.1
2020-10-30,302,Israel,803,1313.0,742.0,1878.0,1739.0,1682.0,1730.0,937.0,1474.0,537.0,2220.0,1737.0,1595.0,1268.0,1258.0,1263.0,337.0,2449.0,1280.0,1560.0,1630.0,1117.0,1364.0,1071.0,1912.0,2015.0,1886.0,1439.0,1597.0,1623.0,397.0,3010.0,2235.0,3274.0,2721.0,1159.0,2754.0,1471.0,4399.0,3676.0,3863.0,3960.0,2022.0,4653.0,3379.0,3772.0,6426.0,4974.0,5165.0,2138.0,4531.0,871.4
2020-10-31,303,Israel,111,742.0,1878.0,1739.0,1682.0,1730.0,937.0,1474.0,537.0,2220.0,1737.0,1595.0,1268.0,1258.0,1263.0,337.0,2449.0,1280.0,1560.0,1630.0,1117.0,1364.0,1071.0,1912.0,2015.0,1886.0,1439.0,1597.0,1623.0,397.0,3010.0,2235.0,3274.0,2721.0,1159.0,2754.0,1471.0,4399.0,3676.0,3863.0,3960.0,2022.0,4653.0,3379.0,3772.0,6426.0,4974.0,5165.0,2138.0,4531.0,4825.0,719.8
2020-11-01,304,Israel,797,1878.0,1739.0,1682.0,1730.0,937.0,1474.0,537.0,2220.0,1737.0,1595.0,1268.0,1258.0,1263.0,337.0,2449.0,1280.0,1560.0,1630.0,1117.0,1364.0,1071.0,1912.0,2015.0,1886.0,1439.0,1597.0,1623.0,397.0,3010.0,2235.0,3274.0,2721.0,1159.0,2754.0,1471.0,4399.0,3676.0,3863.0,3960.0,2022.0,4653.0,3379.0,3772.0,6426.0,4974.0,5165.0,2138.0,4531.0,4825.0,4152.0,716.3
2020-11-02,305,Israel,633,1739.0,1682.0,1730.0,937.0,1474.0,537.0,2220.0,1737.0,1595.0,1268.0,1258.0,1263.0,337.0,2449.0,1280.0,1560.0,1630.0,1117.0,1364.0,1071.0,1912.0,2015.0,1886.0,1439.0,1597.0,1623.0,397.0,3010.0,2235.0,3274.0,2721.0,1159.0,2754.0,1471.0,4399.0,3676.0,3863.0,3960.0,2022.0,4653.0,3379.0,3772.0,6426.0,4974.0,5165.0,2138.0,4531.0,4825.0,4152.0,795.0,655.9
2020-11-03,306,Israel,852,1682.0,1730.0,937.0,1474.0,537.0,2220.0,1737.0,1595.0,1268.0,1258.0,1263.0,337.0,2449.0,1280.0,1560.0,1630.0,1117.0,1364.0,1071.0,1912.0,2015.0,1886.0,1439.0,1597.0,1623.0,397.0,3010.0,2235.0,3274.0,2721.0,1159.0,2754.0,1471.0,4399.0,3676.0,3863.0,3960.0,2022.0,4653.0,3379.0,3772.0,6426.0,4974.0,5165.0,2138.0,4531.0,4825.0,4152.0,795.0,11316.0,714.3
2020-11-04,307,Israel,809,1730.0,937.0,1474.0,537.0,2220.0,1737.0,1595.0,1268.0,1258.0,1263.0,337.0,2449.0,1280.0,1560.0,1630.0,1117.0,1364.0,1071.0,1912.0,2015.0,1886.0,1439.0,1597.0,1623.0,397.0,3010.0,2235.0,3274.0,2721.0,1159.0,2754.0,1471.0,4399.0,3676.0,3863.0,3960.0,2022.0,4653.0,3379.0,3772.0,6426.0,4974.0,5165.0,2138.0,4531.0,4825.0,4152.0,795.0,11316.0,9768.0,737.9
2020-11-05,308,Israel,764,937.0,1474.0,537.0,2220.0,1737.0,1595.0,1268.0,1258.0,1263.0,337.0,2449.0,1280.0,1560.0,1630.0,1117.0,1364.0,1071.0,1912.0,2015.0,1886.0,1439.0,1597.0,1623.0,397.0,3010.0,2235.0,3274.0,2721.0,1159.0,2754.0,1471.0,4399.0,3676.0,3863.0,3960.0,2022.0,4653.0,3379.0,3772.0,6426.0,4974.0,5165.0,2138.0,4531.0,4825.0,4152.0,795.0,11316.0,9768.0,815.0,740.8
2020-11-06,309,Israel,555,1474.0,537.0,2220.0,1737.0,1595.0,1268.0,1258.0,1263.0,337.0,2449.0,1280.0,1560.0,1630.0,1117.0,1364.0,1071.0,1912.0,2015.0,1886.0,1439.0,1597.0,1623.0,397.0,3010.0,2235.0,3274.0,2721.0,1159.0,2754.0,1471.0,4399.0,3676.0,3863.0,3960.0,2022.0,4653.0,3379.0,3772.0,6426.0,4974.0,5165.0,2138.0,4531.0,4825.0,4152.0,795.0,11316.0,9768.0,815.0,11827.0,726.0
2020-11-07,310,Israel,291,537.0,2220.0,1737.0,1595.0,1268.0,1258.0,1263.0,337.0,2449.0,1280.0,1560.0,1630.0,1117.0,1364.0,1071.0,1912.0,2015.0,1886.0,1439.0,1597.0,1623.0,397.0,3010.0,2235.0,3274.0,2721.0,1159.0,2754.0,1471.0,4399.0,3676.0,3863.0,3960.0,2022.0,4653.0,3379.0,3772.0,6426.0,4974.0,5165.0,2138.0,4531.0,4825.0,4152.0,795.0,11316.0,9768.0,815.0,11827.0,3926.0,637.8
2020-11-08,311,Israel,620,2220.0,1737.0,1595.0,1268.0,1258.0,1263.0,337.0,2449.0,1280.0,1560.0,1630.0,1117.0,1364.0,1071.0,1912.0,2015.0,1886.0,1439.0,1597.0,1623.0,397.0,3010.0,2235.0,3274.0,2721.0,1159.0,2754.0,1471.0,4399.0,3676.0,3863.0,3960.0,2022.0,4653.0,3379.0,3772.0,6426.0,4974.0,5165.0,2138.0,4531.0,4825.0,4152.0,795.0,11316.0,9768.0,815.0,11827.0,3926.0,2239.0,623.5
2020-11-09,312,Israel,540,1737.0,1595.0,1268.0,1258.0,1263.0,337.0,2449.0,1280.0,1560.0,1630.0,1117.0,1364.0,1071.0,1912.0,2015.0,1886.0,1439.0,1597.0,1623.0,397.0,3010.0,2235.0,3274.0,2721.0,1159.0,2754.0,1471.0,4399.0,3676.0,3863.0,3960.0,2022.0,4653.0,3379.0,3772.0,6426.0,4974.0,5165.0,2138.0,4531.0,4825.0,4152.0,795.0,11316.0,9768.0,815.0,11827.0,3926.0,2239.0,3661.0,597.2
2020-11-10,313,Israel,622,1595.0,1268.0,1258.0,1263.0,337.0,2449.0,1280.0,1560.0,1630.0,1117.0,1364.0,1071.0,1912.0,2015.0,1886.0,1439.0,1597.0,1623.0,397.0,3010.0,2235.0,3274.0,2721.0,1159.0,2754.0,1471.0,4399.0,3676.0,3863.0,3960.0,2022.0,4653.0,3379.0,3772.0,6426.0,4974.0,5165.0,2138.0,4531.0,4825.0,4152.0,795.0,11316.0,9768.0,815.0,11827.0,3926.0,2239.0,3661.0,11207.0,648.3
2020-11-11,314,Israel,665,1268.0,1258.0,1263.0,337.0,2449.0,1280.0,1560.0,1630.0,1117.0,1364.0,1071.0,1912.0,2015.0,1886.0,1439.0,1597.0,1623.0,397.0,3010.0,2235.0,3274.0,2721.0,1159.0,2754.0,1471.0,4399.0,3676.0,3863.0,3960.0,2022.0,4653.0,3379.0,3772.0,6426.0,4974.0,5165.0,2138.0,4531.0,4825.0,4152.0,795.0,11316.0,9768.0,815.0,11827.0,3926.0,2239.0,3661.0,11207.0,7638.0,635.1
2020-11-12,315,Israel,477,1258.0,1263.0,337.0,2449.0,1280.0,1560.0,1630.0,1117.0,1364.0,1071.0,1912.0,2015.0,1886.0,1439.0,1597.0,1623.0,397.0,3010.0,2235.0,3274.0,2721.0,1159.0,2754.0,1471.0,4399.0,3676.0,3863.0,3960.0,2022.0,4653.0,3379.0,3772.0,6426.0,4974.0,5165.0,2138.0,4531.0,4825.0,4152.0,795.0,11316.0,9768.0,815.0,11827.0,3926.0,2239.0,3661.0,11207.0,7638.0,3131.0,619.5
2020-11-13,316,Israel,833,1263.0,337.0,2449.0,1280.0,1560.0,1630.0,1117.0,1364.0,1071.0,1912.0,2015.0,1886.0,1439.0,1597.0,1623.0,397.0,3010.0,2235.0,3274.0,2721.0,1159.0,2754.0,1471.0,4399.0,3676.0,3863.0,3960.0,2022.0,4653.0,3379.0,3772.0,6426.0,4974.0,5165.0,2138.0,4531.0,4825.0,4152.0,795.0,11316.0,9768.0,815.0,11827.0,3926.0,2239.0,3661.0,11207.0,7638.0,3131.0,5955.0,617.6
2020-11-14,317,Israel,536,337.0,2449.0,1280.0,1560.0,1630.0,1117.0,1364.0,1071.0,1912.0,2015.0,1886.0,1439.0,1597.0,1623.0,397.0,3010.0,2235.0,3274.0,2721.0,1159.0,2754.0,1471.0,4399.0,3676.0,3863.0,3960.0,2022.0,4653.0,3379.0,3772.0,6426.0,4974.0,5165.0,2138.0,4531.0,4825.0,4152.0,795.0,11316.0,9768.0,815.0,11827.0,3926.0,2239.0,3661.0,11207.0,7638.0,3131.0,5955.0,3318.0,590.3
2020-11-15,318,Israel,765,2449.0,1280.0,1560.0,1630.0,1117.0,1364.0,1071.0,1912.0,2015.0,1886.0,1439.0,1597.0,1623.0,397.0,3010.0,2235.0,3274.0,2721.0,1159.0,2754.0,1471.0,4399.0,3676.0,3863.0,3960.0,2022.0,4653.0,3379.0,3772.0,6426.0,4974.0,5165.0,2138.0,4531.0,4825.0,4152.0,795.0,11316.0,9768.0,815.0,11827.0,3926.0,2239.0,3661.0,11207.0,7638.0,3131.0,5955.0,3318.0,4134.0,590.4
2020-11-16,319,Israel,675,1280.0,1560.0,1630.0,1117.0,1364.0,1071.0,1912.0,2015.0,1886.0,1439.0,1597.0,1623.0,397.0,3010.0,2235.0,3274.0,2721.0,1159.0,2754.0,1471.0,4399.0,3676.0,3863.0,3960.0,2022.0,4653.0,3379.0,3772.0,6426.0,4974.0,5165.0,2138.0,4531.0,4825.0,4152.0,795.0,11316.0,9768.0,815.0,11827.0,3926.0,2239.0,3661.0,11207.0,7638.0,3131.0,5955.0,3318.0,4134.0,4717.0,602.4
2020-11-17,320,Israel,900,1560.0,1630.0,1117.0,1364.0,1071.0,1912.0,2015.0,1886.0,1439.0,1597.0,1623.0,397.0,3010.0,2235.0,3274.0,2721.0,1159.0,2754.0,1471.0,4399.0,3676.0,3863.0,3960.0,2022.0,4653.0,3379.0,3772.0,6426.0,4974.0,5165.0,2138.0,4531.0,4825.0,4152.0,795.0,11316.0,9768.0,815.0,11827.0,3926.0,2239.0,3661.0,11207.0,7638.0,3131.0,5955.0,3318.0,4134.0,4717.0,4455.0,663.3
2020-11-18,321,Israel,827,1630.0,1117.0,1364.0,1071.0,1912.0,2015.0,1886.0,1439.0,1597.0,1623.0,397.0,3010.0,2235.0,3274.0,2721.0,1159.0,2754.0,1471.0,4399.0,3676.0,3863.0,3960.0,2022.0,4653.0,3379.0,3772.0,6426.0,4974.0,5165.0,2138.0,4531.0,4825.0,4152.0,795.0,11316.0,9768.0,815.0,11827.0,3926.0,2239.0,3661.0,11207.0,7638.0,3131.0,5955.0,3318.0,4134.0,4717.0,4455.0,4912.0,684.0
2020-11-19,322,Israel,469,1117.0,1364.0,1071.0,1912.0,2015.0,1886.0,1439.0,1597.0,1623.0,397.0,3010.0,2235.0,3274.0,2721.0,1159.0,2754.0,1471.0,4399.0,3676.0,3863.0,3960.0,2022.0,4653.0,3379.0,3772.0,6426.0,4974.0,5165.0,2138.0,4531.0,4825.0,4152.0,795.0,11316.0,9768.0,815.0,11827.0,3926.0,2239.0,3661.0,11207.0,7638.0,3131.0,5955.0,3318.0,4134.0,4717.0,4455.0,4912.0,1465.0,676.9
2020-11-20,323,Israel,1076,1364.0,1071.0,1912.0,2015.0,1886.0,1439.0,1597.0,1623.0,397.0,3010.0,2235.0,3274.0,2721.0,1159.0,2754.0,1471.0,4399.0,3676.0,3863.0,3960.0,2022.0,4653.0,3379.0,3772.0,6426.0,4974.0,5165.0,2138.0,4531.0,4825.0,4152.0,795.0,11316.0,9768.0,815.0,11827.0,3926.0,2239.0,3661.0,11207.0,7638.0,3131.0,5955.0,3318.0,4134.0,4717.0,4455.0,4912.0,1465.0,2145.0,722.3
2020-11-21,324,Israel,341,1071.0,1912.0,2015.0,1886.0,1439.0,1597.0,1623.0,397.0,3010.0,2235.0,3274.0,2721.0,1159.0,2754.0,1471.0,4399.0,3676.0,3863.0,3960.0,2022.0,4653.0,3379.0,3772.0,6426.0,4974.0,5165.0,2138.0,4531.0,4825.0,4152.0,795.0,11316.0,9768.0,815.0,11827.0,3926.0,2239.0,3661.0,11207.0,7638.0,3131.0,5955.0,3318.0,4134.0,4717.0,4455.0,4912.0,1465.0,2145.0,1825.0,689.9
2020-11-22,325,Israel,649,1912.0,2015.0,1886.0,1439.0,1597.0,1623.0,397.0,3010.0,2235.0,3274.0,2721.0,1159.0,2754.0,1471.0,4399.0,3676.0,3863.0,3960.0,2022.0,4653.0,3379.0,3772.0,6426.0,4974.0,5165.0,2138.0,4531.0,4825.0,4152.0,795.0,11316.0,9768.0,815.0,11827.0,3926.0,2239.0,3661.0,11207.0,7638.0,3131.0,5955.0,3318.0,4134.0,4717.0,4455.0,4912.0,1465.0,2145.0,1825.0,3209.0,707.1
2020-11-23,326,Israel,1006,2015.0,1886.0,1439.0,1597.0,1623.0,397.0,3010.0,2235.0,3274.0,2721.0,1159.0,2754.0,1471.0,4399.0,3676.0,3863.0,3960.0,2022.0,4653.0,3379.0,3772.0,6426.0,4974.0,5165.0,2138.0,4531.0,4825.0,4152.0,795.0,11316.0,9768.0,815.0,11827.0,3926.0,2239.0,3661.0,11207.0,7638.0,3131.0,5955.0,3318.0,4134.0,4717.0,4455.0,4912.0,1465.0,2145.0,1825.0,3209.0,2237.0,724.4
2020-11-24,327,Israel,927,1886.0,1439.0,1597.0,1623.0,397.0,3010.0,2235.0,3274.0,2721.0,1159.0,2754.0,1471.0,4399.0,3676.0,3863.0,3960.0,2022.0,4653.0,3379.0,3772.0,6426.0,4974.0,5165.0,2138.0,4531.0,4825.0,4152.0,795.0,11316.0,9768.0,815.0,11827.0,3926.0,2239.0,3661.0,11207.0,7638.0,3131.0,5955.0,3318.0,4134.0,4717.0,4455.0,4912.0,1465.0,2145.0,1825.0,3209.0,2237.0,1979.0,763.5
2020-11-25,328,Israel,849,1439.0,1597.0,1623.0,397.0,3010.0,2235.0,3274.0,2721.0,1159.0,2754.0,1471.0,4399.0,3676.0,3863.0,3960.0,2022.0,4653.0,3379.0,3772.0,6426.0,4974.0,5165.0,2138.0,4531.0,4825.0,4152.0,795.0,11316.0,9768.0,815.0,11827.0,3926.0,2239.0,3661.0,11207.0,7638.0,3131.0,5955.0,3318.0,4134.0,4717.0,4455.0,4912.0,1465.0,2145.0,1825.0,3209.0,2237.0,1979.0,948.0,771.9
2020-11-26,329,Israel,1138,1597.0,1623.0,397.0,3010.0,2235.0,3274.0,2721.0,1159.0,2754.0,1471.0,4399.0,3676.0,3863.0,3960.0,2022.0,4653.0,3379.0,3772.0,6426.0,4974.0,5165.0,2138.0,4531.0,4825.0,4152.0,795.0,11316.0,9768.0,815.0,11827.0,3926.0,2239.0,3661.0,11207.0,7638.0,3131.0,5955.0,3318.0,4134.0,4717.0,4455.0,4912.0,1465.0,2145.0,1825.0,3209.0,2237.0,1979.0,948.0,1695.0,818.2
2020-11-27,330,Israel,1126,1623.0,397.0,3010.0,2235.0,3274.0,2721.0,1159.0,2754.0,1471.0,4399.0,3676.0,3863.0,3960.0,2022.0,4653.0,3379.0,3772.0,6426.0,4974.0,5165.0,2138.0,4531.0,4825.0,4152.0,795.0,11316.0,9768.0,815.0,11827.0,3926.0,2239.0,3661.0,11207.0,7638.0,3131.0,5955.0,3318.0,4134.0,4717.0,4455.0,4912.0,1465.0,2145.0,1825.0,3209.0,2237.0,1979.0,948.0,1695.0,936.0,840.8
2020-11-28,331,Israel,359,397.0,3010.0,2235.0,3274.0,2721.0,1159.0,2754.0,1471.0,4399.0,3676.0,3863.0,3960.0,2022.0,4653.0,3379.0,3772.0,6426.0,4974.0,5165.0,2138.0,4531.0,4825.0,4152.0,795.0,11316.0,9768.0,815.0,11827.0,3926.0,2239.0,3661.0,11207.0,7638.0,3131.0,5955.0,3318.0,4134.0,4717.0,4455.0,4912.0,1465.0,2145.0,1825.0,3209.0,2237.0,1979.0,948.0,1695.0,936.0,1014.0,794.0
2020-11-29,332,Israel,1196,3010.0,2235.0,3274.0,2721.0,1159.0,2754.0,1471.0,4399.0,3676.0,3863.0,3960.0,2022.0,4653.0,3379.0,3772.0,6426.0,4974.0,5165.0,2138.0,4531.0,4825.0,4152.0,795.0,11316.0,9768.0,815.0,11827.0,3926.0,2239.0,3661.0,11207.0,7638.0,3131.0,5955.0,3318.0,4134.0,4717.0,4455.0,4912.0,1465.0,2145.0,1825.0,3209.0,2237.0,1979.0,948.0,1695.0,936.0,1014.0,1030.0,866.7
2020-11-30,333,Israel,982,2235.0,3274.0,2721.0,1159.0,2754.0,1471.0,4399.0,3676.0,3863.0,3960.0,2022.0,4653.0,3379.0,3772.0,6426.0,4974.0,5165.0,2138.0,4531.0,4825.0,4152.0,795.0,11316.0,9768.0,815.0,11827.0,3926.0,2239.0,3661.0,11207.0,7638.0,3131.0,5955.0,3318.0,4134.0,4717.0,4455.0,4912.0,1465.0,2145.0,1825.0,3209.0,2237.0,1979.0,948.0,1695.0,936.0,1014.0,1030.0,1627.0,857.3
